ClusterID,t0_mean_x,t0_mean_y,t0_mean_z,t0_evals_x,t0_evals_y,t0_evals_z,t0_cov(0:0),t0_cov(0:1),t0_cov(0:2),t0_cov(1:0),t0_cov(1:1),t0_cov(1:2),t0_cov(2:0),t0_cov(2:1),t0_cov(2:2),t0_evecs(0:0),t0_evecs(0:1),t0_evecs(0:2),t0_evecs(1:0),t0_evecs(1:1),t0_evecs(1:2),t0_evecs(2:0),t0_evecs(2:1),t0_evecs(2:2),t1_mean_x,t1_mean_y,t1_mean_z,t1_evals_x,t1_evals_y,t1_evals_z,t1_cov(0:0),t1_cov(0:1),t1_cov(0:2),t1_cov(1:0),t1_cov(1:1),t1_cov(1:2),t1_cov(2:0),t1_cov(2:1),t1_cov(2:2),t1_evecs(0:0),t1_evecs(0:1),t1_evecs(0:2),t1_evecs(1:0),t1_evecs(1:1),t1_evecs(1:2),t1_evecs(2:0),t1_evecs(2:1),t1_evecs(2:2),t2_mean_x,t2_mean_y,t2_mean_z,t2_evals_x,t2_evals_y,t2_evals_z,t2_cov(0:0),t2_cov(0:1),t2_cov(0:2),t2_cov(1:0),t2_cov(1:1),t2_cov(1:2),t2_cov(2:0),t2_cov(2:1),t2_cov(2:2),t2_evecs(0:0),t2_evecs(0:1),t2_evecs(0:2),t2_evecs(1:0),t2_evecs(1:1),t2_evecs(1:2),t2_evecs(2:0),t2_evecs(2:1),t2_evecs(2:2),t3_mean_x,t3_mean_y,t3_mean_z,t3_evals_x,t3_evals_y,t3_evals_z,t3_cov(0:0),t3_cov(0:1),t3_cov(0:2),t3_cov(1:0),t3_cov(1:1),t3_cov(1:2),t3_cov(2:0),t3_cov(2:1),t3_cov(2:2),t3_evecs(0:0),t3_evecs(0:1),t3_evecs(0:2),t3_evecs(1:0),t3_evecs(1:1),t3_evecs(1:2),t3_evecs(2:0),t3_evecs(2:1),t3_evecs(2:2),Label
N1111.P3430.N49,-11.1134,34.3047,-0.491544,0.000817709,0.0149484,0.347966,0.347944,-0.00140751,-0.0023378,-0.00140751,0.000836558,0.000440214,-0.0023378,0.000440214,0.0149517,-0.00384747,-0.00714585,0.999967,-0.999528,-0.0304667,-0.0040635,0.0304948,-0.99951,-0.00702525,-11.158,34.271,-0.312016,0.000581838,0.0219185,0.325535,0.325529,0.000243082,-0.00135272,0.000243082,0.000744345,-0.00185498,-0.00135272,-0.00185498,0.0217622,0.000382119,-0.00450823,0.99999,-0.996189,0.0872193,0.000773876,-0.0872219,-0.996179,-0.00445772,-11.1611,34.2504,-0.382137,0.00069756,0.0256497,0.342785,0.342778,-0.000294785,-0.00153454,-0.000294785,0.00112797,-0.00324651,-0.00153454,-0.00324651,0.0252269,-0.00144327,-0.00467488,0.999988,-0.991342,0.131302,-0.00081696,-0.131296,-0.991331,-0.00482391,-11.2721,34.1654,-0.348501,0.00188987,0.0271311,0.337793,0.337642,0.00505309,-0.00470657,0.00505309,0.00509524,-0.00839093,-0.00470657,-0.00839093,0.024077,0.0091514,-0.0199104,0.99976,-0.935946,0.351798,0.0155734,-0.352024,-0.935864,-0.0154156,1
N1112.P527.N24,0,0,0,0,0,0,1,0,0,0,1,0,0,0,1,1,0,0,0,1,0,0,0,1,0,0,0,0,0,0,1,0,0,0,1,0,0,0,1,1,0,0,0,1,0,0,0,1,0,0,0,0,0,0,1,0,0,0,1,0,0,0,1,1,0,0,0,1,0,0,0,1,-11.1218,5.27664,-0.244898,0.00552928,0.0228883,0.232524,0.0227632,0.00160893,0.00153142,0.00160893,0.00613306,0.0102761,0.00153142,0.0102761,0.232045,-0.0889374,-0.996008,0.00764126,0.995041,-0.0885028,0.0453973,-0.0445398,0.0116409,0.99894,0
N1119.N660.N33,0,0,0,0,0,0,1,0,0,0,1,0,0,0,1,1,0,0,0,1,0,0,0,1,-11.1986,-6.60813,-0.336844,0.111146,0.191856,0.67473,0.574301,-0.212966,-0.00823609,-0.212966,0.222928,-0.0271811,-0.00823609,-0.0271811,0.180503,0.392682,0.167359,0.904319,0.839469,0.336383,-0.426776,0.375622,-0.926735,0.00840131,0,0,0,0,0,0,1,0,0,0,1,0,0,0,1,1,0,0,0,1,0,0,0,1,0,0,0,0,0,0,1,0,0,0,1,0,0,0,1,1,0,0,0,1,0,0,0,1,0
N1122.P3429.N97,0,0,0,0,0,0,1,0,0,0,1,0,0,0,1,1,0,0,0,1,0,0,0,1,-11.2213,34.298,-0.979136,0.000399934,0.00135392,0.306867,0.306843,0.000496833,0.00268338,0.000496833,0.00040343,5.49467e-05,0.00268338,5.49467e-05,0.0013748,-0.00115397,-0.0088575,0.99996,0.998588,0.0530951,0.00162269,-0.0531073,0.99855,0.00878372,-11.1999,34.2514,-1.01218,0.00084304,0.00210969,0.325061,0.32503,0.00273725,0.00152731,0.00273725,0.000906953,0.00023654,0.00152731,0.00023654,0.00207613,0.00746059,-0.00617371,0.999953,-0.983736,0.179423,0.00844735,0.179467,0.983753,0.0047347,-11.2827,34.1155,-0.974589,0.000320163,0.000986948,0.324806,0.324792,0.00166082,0.00129213,0.00166082,0.000424503,0.000240539,0.00129213,0.000240539,0.000896275,-0.00322667,-0.00563691,0.999979,0.925344,0.379093,0.00512281,-0.379114,0.925341,0.00399287,0
N1304.P919.P99,0,0,0,0,0,0,1,0,0,0,1,0,0,0,1,1,0,0,0,1,0,0,0,1,0,0,0,0,0,0,1,0,0,0,1,0,0,0,1,1,0,0,0,1,0,0,0,1,-13.0475,9.19913,0.992033,0.00409859,0.00526219,2.42875,0.00449804,-0.00046257,0.00922365,-0.00046257,0.00506717,0.0202607,0.00922365,0.0202607,2.42855,-0.828755,-0.559599,0.00380298,-0.559557,0.828749,0.00835838,0.00782906,-0.00479906,0.999958,0,0,0,0,0,0,1,0,0,0,1,0,0,0,1,1,0,0,0,1,0,0,0,1,0
N1308.P923.P150,-13.0806,9.23655,1.50899,0.00243113,0.00305,3.71,0.00322313,0.000309511,0.0488861,0.000309511,0.00290601,0.00348382,0.0488861,0.00348382,3.70936,0.87287,-0.487774,0.0131872,-0.487827,-0.87294,0.000940788,-0.0110527,0.00725426,0.999913,-13.0196,9.22552,1.34245,0.00149729,0.00324032,3.15287,0.00195727,0.000777203,0.00571773,0.000777203,0.00281134,0.00805728,0.00571773,0.00805728,3.15284,-0.861429,0.507875,0.00181525,0.507878,0.861425,0.00255825,0.000264429,-0.00312568,0.999995,0,0,0,0,0,0,1,0,0,0,1,0,0,0,1,1,0,0,0,1,0,0,0,1,-13.0889,9.12021,1.5296,0.00215411,0.00613707,3.6238,0.00328,0.00208935,0.0244825,0.00208935,0.00607454,0.0569773,0.0244825,0.0569773,3.62273,-0.87118,0.490917,0.00677024,0.490961,0.871039,0.0157511,-0.00183534,-0.017046,0.999853,0
N1348.N537.N36,0,0,0,0,0,0,1,0,0,0,1,0,0,0,1,1,0,0,0,1,0,0,0,1,0,0,0,0,0,0,1,0,0,0,1,0,0,0,1,1,0,0,0,1,0,0,0,1,-13.4887,-5.37948,-0.362328,0.0684191,0.151811,0.581273,0.54218,-0.135623,-0.00651933,-0.135623,0.10818,0.0106592,-0.00651933,0.0106592,0.151143,0.27249,-0.0485715,0.960932,0.956758,-0.0919964,-0.275956,-0.101806,-0.994574,-0.0214031,0,0,0,0,0,0,1,0,0,0,1,0,0,0,1,1,0,0,0,1,0,0,0,1,0
N1372.N637.P49,0,0,0,0,0,0,1,0,0,0,1,0,0,0,1,1,0,0,0,1,0,0,0,1,0,0,0,0,0,0,1,0,0,0,1,0,0,0,1,1,0,0,0,1,0,0,0,1,-13.7276,-6.37242,0.496307,0.00016114,0.00892939,0.362339,0.35996,-0.0288997,-3.64436e-05,-0.0288997,0.0112009,-0.000962879,-3.64436e-05,-0.000962879,0.000268132,0.00894398,-0.081537,0.99663,0.110099,-0.99053,-0.0820259,0.99388,0.110461,0.000117823,0,0,0,0,0,0,1,0,0,0,1,0,0,0,1,1,0,0,0,1,0,0,0,1,0
N1374.P3414.N104,0,0,0,0,0,0,1,0,0,0,1,0,0,0,1,1,0,0,0,1,0,0,0,1,0,0,0,0,0,0,1,0,0,0,1,0,0,0,1,1,0,0,0,1,0,0,0,1,-13.7493,34.1478,-1.04981,0.000284304,0.000743848,0.392295,0.392006,0.00916079,0.00542618,0.00916079,0.000576161,0.000299128,0.00542618,0.000299128,0.000741616,-0.0156271,-0.022253,0.99963,0.911574,0.41047,0.0233881,-0.410839,0.911603,0.0138708,0,0,0,0,0,0,1,0,0,0,1,0,0,0,1,1,0,0,0,1,0,0,0,1,0
N1433.N593.N37,-14.3399,-5.93867,-0.371651,0.118848,0.238617,0.632515,0.569605,-0.160608,-0.0236758,-0.160608,0.2223,-0.0516051,-0.0236758,-0.0516051,0.198075,-0.299896,-0.205976,0.93147,-0.755889,-0.544357,-0.36374,-0.581974,0.813172,-0.00755563,0,0,0,0,0,0,1,0,0,0,1,0,0,0,1,1,0,0,0,1,0,0,0,1,0,0,0,0,0,0,1,0,0,0,1,0,0,0,1,1,0,0,0,1,0,0,0,1,-14.2322,-6.1508,-0.286966,0.115103,0.19078,0.66878,0.568151,-0.20987,-0.00349937,-0.20987,0.229913,-0.0312612,-0.00349937,-0.0312612,0.1766,-0.381024,-0.205807,0.901368,-0.815249,-0.385067,-0.432542,-0.436107,0.899648,0.0210645,0
N1475.P3418.N101,0,0,0,0,0,0,1,0,0,0,1,0,0,0,1,1,0,0,0,1,0,0,0,1,-14.7536,34.1837,-1.01454,0.000636244,0.00128022,1.28594,1.2857,0.0161584,0.00693602,0.0161584,0.000868216,0.000220316,0.00693602,0.000220316,0.0012889,-0.0111477,-0.00793699,0.999906,0.977327,0.211364,0.0125737,-0.211444,0.977375,0.00540082,0,0,0,0,0,0,1,0,0,0,1,0,0,0,1,1,0,0,0,1,0,0,0,1,-15.1195,34.0037,-0.995032,0.000538562,0.00165272,1.47513,1.4749,0.0158558,0.00937408,0.0158558,0.000720424,0.000212658,0.00937408,0.000212658,0.00170104,0.0100575,-0.00741531,0.999922,-0.994847,0.100818,0.0107541,0.10089,0.994877,0.00636312,0
N1503.P3420.N49,-15.0355,34.2014,-0.497591,0.000843703,0.0221552,1.42527,1.42519,0.00849199,-0.00607532,0.00849199,0.000913873,0.000608794,-0.00607532,0.000608794,0.0221619,-0.00608833,-0.00414469,0.999973,0.999523,-0.0303044,0.00595999,-0.0302789,-0.999532,-0.00432721,-15.0078,34.1698,-0.31818,0.000613661,0.018579,1.38429,1.38378,0.00965635,-0.024588,0.00965635,0.000756184,-0.00133103,-0.024588,-0.00133103,0.018947,0.00581743,-0.0184264,0.999813,-0.997891,0.0645297,0.00699552,-0.0646465,-0.997746,-0.0180121,-15.1976,34.139,-0.344599,0.000684318,0.0276196,1.44572,1.44484,0.0123729,-0.0329302,0.0123729,0.00137217,-0.0041991,-0.0329302,-0.0041991,0.0278042,0.00512406,-0.0242585,0.999693,-0.989134,0.146766,0.00863136,-0.14693,-0.988874,-0.0232428,-15.1214,34.047,-0.346764,0.00200851,0.0259659,1.44276,1.44264,0.0109455,0.00761506,0.0109455,0.00454993,-0.007212,0.00761506,-0.007212,0.0235481,-0.00889027,0.00261695,0.999957,0.94727,0.320347,0.00758348,0.320313,-0.947297,0.00532693,1
N157.P3431.N46,-1.57498,34.3128,-0.466829,0.000552454,0.00619946,0.354991,0.354944,-0.0019444,0.00355623,-0.0019444,0.0007704,-0.00108143,0.00355623,-0.00108143,0.00602855,0.00346252,-0.0110757,0.999933,0.981472,-0.191527,-0.00552002,0.191575,0.981425,0.0102073,0,0,0,0,0,0,1,0,0,0,1,0,0,0,1,1,0,0,0,1,0,0,0,1,0,0,0,0,0,0,1,0,0,0,1,0,0,0,1,1,0,0,0,1,0,0,0,1,0,0,0,0,0,0,1,0,0,0,1,0,0,0,1,1,0,0,0,1,0,0,0,1,0
N158.N798.P122,-1.5861,-7.98764,1.2213,0.00200721,0.00515622,2.25895,0.00503057,-0.000644454,-0.00455105,-0.000644454,0.00214728,0.00343194,-0.00455105,0.00343194,2.25893,-0.206933,-0.978353,0.0020196,-0.978354,0.20693,-0.00152128,0.00107043,-0.00229069,-0.999997,-1.55033,-7.98839,0.979351,0.00180468,0.00449798,2.0365,0.00447229,-0.000294686,-0.00312241,-0.000294686,0.00185508,0.0063665,-0.00312241,0.0063665,2.03647,-0.10639,-0.994323,0.00153705,-0.99432,0.106385,-0.00312926,0.00294798,-0.00186124,-0.999994,0,0,0,0,0,0,1,0,0,0,1,0,0,0,1,1,0,0,0,1,0,0,0,1,-1.5815,-8.05346,1.38286,0.00315141,0.00553137,3.05577,0.0043762,0.00118932,-0.00170538,0.00118932,0.00430756,0.000327369,-0.00170538,0.000327369,3.05577,0.696974,-0.717097,0.000558843,-0.717097,-0.696974,-0.000107065,0.000466275,-0.000326123,-1,0
N159.N801.P243,0,0,0,0,0,0,1,0,0,0,1,0,0,0,1,1,0,0,0,1,0,0,0,1,0,0,0,0,0,0,1,0,0,0,1,0,0,0,1,1,0,0,0,1,0,0,0,1,-1.59921,-8.01692,2.43188,0.00152987,0.00315072,1.95512,0.00313821,-0.000298948,-0.00925403,-0.000298948,0.00158634,0.000409936,-0.00925403,0.000409936,1.95507,-0.186509,-0.982442,0.00474083,-0.982453,0.18651,-0.000210567,-0.000677343,-0.00469691,-0.999989,0,0,0,0,0,0,1,0,0,0,1,0,0,0,1,1,0,0,0,1,0,0,0,1,0
N159.N802.N46,0,0,0,0,0,0,1,0,0,0,1,0,0,0,1,1,0,0,0,1,0,0,0,1,0,0,0,0,0,0,1,0,0,0,1,0,0,0,1,1,0,0,0,1,0,0,0,1,-1.59425,-8.02201,-0.468339,0.00164695,0.00333105,0.206758,0.00329235,-0.000267556,-0.00101447,-0.000267556,0.00169073,-7.39777e-05,-0.00101447,-7.39777e-05,0.206753,-0.161193,-0.98691,0.00498543,-0.986922,0.161196,0.000354239,-0.00115324,-0.00486313,-0.999988,0,0,0,0,0,0,1,0,0,0,1,0,0,0,1,1,0,0,0,1,0,0,0,1,0
N1617.P3056.P216,0,0,0,0,0,0,1,0,0,0,1,0,0,0,1,1,0,0,0,1,0,0,0,1,-16.1729,30.565,2.16652,0.000592984,0.0429682,0.0989361,0.0874547,0.00128024,0.0252566,0.00128024,0.0204083,0.0233617,0.0252566,0.0233617,0.0346343,0.175784,-0.388391,0.904573,0.74597,0.652144,0.135044,-0.642362,0.651046,0.404364,0,0,0,0,0,0,1,0,0,0,1,0,0,0,1,1,0,0,0,1,0,0,0,1,0,0,0,0,0,0,1,0,0,0,1,0,0,0,1,1,0,0,0,1,0,0,0,1,0
N164.P3430.N101,0,0,0,0,0,0,1,0,0,0,1,0,0,0,1,1,0,0,0,1,0,0,0,1,-1.64151,34.3034,-1.01224,0.000375595,0.00117136,0.323423,0.323401,0.00105214,-0.00244821,0.00105214,0.000388969,-9.63852e-05,-0.00244821,-9.63852e-05,0.00118002,0.00238943,-0.00791482,0.999966,-0.993728,0.111773,0.00325922,-0.111795,-0.993702,-0.00759811,0,0,0,0,0,0,1,0,0,0,1,0,0,0,1,1,0,0,0,1,0,0,0,1,-1.7508,34.1394,-0.97226,0.000996168,0.00475807,0.329247,0.3292,0.00388505,-0.000560036,0.00388505,0.0011471,-0.000626133,-0.000560036,-0.000626133,0.00465413,-0.0113853,-0.0037014,0.999928,0.985889,0.16698,0.0118435,0.167011,-0.985953,-0.00174807,0
N1667.P490.N60,-16.6786,4.90905,-0.602894,0.00070925,0.0086172,0.0506467,0.00109287,0.00110564,0.00302491,0.00110564,0.00852744,-0.00221162,0.00302491,-0.00221162,0.0503528,0.985112,-0.161207,0.0597221,-0.158288,-0.986086,-0.0507792,-0.0670771,-0.0405699,0.996923,-16.6508,4.89369,-0.585606,0.000498394,0.00690372,0.0721695,0.000670964,0.000262105,0.00340031,0.000262105,0.00689287,-3.57345e-05,0.00340031,-3.57345e-05,0.0720078,0.998023,-0.041144,0.0475028,-0.0411736,-0.999152,-0.000356076,-0.0474772,0.00160049,0.998871,-16.6805,4.87856,-0.558277,0.00126062,0.00775277,0.0712523,0.00140614,0.000286113,0.0030937,0.000286113,0.0077663,0.00116963,0.0030937,0.00116963,0.0710932,0.998397,-0.0352118,0.0443182,-0.036065,-0.999176,0.0186019,-0.0436266,0.0201704,0.998844,-16.7125,4.76851,-0.58727,0.00112541,0.0110658,0.0710142,0.00123561,0.000358342,0.00272732,0.000358342,0.0114328,0.00468506,0.00272732,0.00468506,0.070537,-0.999123,0.0143664,0.0393377,0.0174256,0.996757,0.0785655,0.0380814,-0.0791821,0.996133,1
N1671.N77.P1009,0,0,0,0,0,0,1,0,0,0,1,0,0,0,1,1,0,0,0,1,0,0,0,1,0,0,0,0,0,0,1,0,0,0,1,0,0,0,1,1,0,0,0,1,0,0,0,1,-16.7139,-0.772017,10.0923,0.00284745,0.0267376,0.450194,0.0030749,0.00854898,0.00112226,0.00854898,0.44995,-0.00588387,0.00112226,-0.00588387,0.0267547,0.998465,0.0519957,0.0190801,-0.0197724,0.0128326,0.999722,-0.0517364,0.998565,-0.013841,-16.7091,-0.675075,9.692,0.00296481,0.096571,1.01028,0.00302545,-0.000356965,0.00240968,-0.000356965,1.00517,-0.0681974,0.00240968,-0.0681974,0.101629,-0.999677,-0.0253933,-0.000532449,0.00136975,-0.0748334,0.997195,0.0253619,-0.996873,-0.074844,0
N1671.P1570.P48,0,0,0,0,0,0,1,0,0,0,1,0,0,0,1,1,0,0,0,1,0,0,0,1,-16.7194,15.7005,0.481233,0.00060732,0.0054285,0.123478,0.123477,-0.000196275,0.000234557,-0.000196275,0.000663894,0.000517385,0.000234557,0.000517385,0.0053727,-0.00179429,-0.00179571,0.999997,-0.994147,0.108028,-0.00158981,0.108025,0.994146,0.00197904,0,0,0,0,0,0,1,0,0,0,1,0,0,0,1,1,0,0,0,1,0,0,0,1,0,0,0,0,0,0,1,0,0,0,1,0,0,0,1,1,0,0,0,1,0,0,0,1,0
N1672.P1581.N68,-16.72,15.8181,-0.689329,0.0763749,0.12087,0.636571,0.628306,0.0557087,-0.0381502,0.0557087,0.0995005,0.0178868,-0.0381502,0.0178868,0.106009,0.12107,-0.0101283,0.992592,-0.773166,0.626159,0.100695,0.62254,0.77963,-0.067978,-16.3344,15.9497,-0.606467,0.0853962,0.161509,0.665582,0.623324,0.130603,-0.0703989,0.130603,0.170008,0.0189432,-0.0703989,0.0189432,0.119155,0.237819,-0.136879,0.961616,-0.546814,0.799365,0.249018,0.802768,0.585046,-0.115257,0,0,0,0,0,0,1,0,0,0,1,0,0,0,1,1,0,0,0,1,0,0,0,1,0,0,0,0,0,0,1,0,0,0,1,0,0,0,1,1,0,0,0,1,0,0,0,1,0
N1672.P1609.P50,-16.7294,16.0925,0.500532,0.000929482,0.0756187,0.276429,0.0762741,-0.0114796,0.000650168,-0.0114796,0.275738,-0.00296696,0.000650168,-0.00296696,0.000965214,-0.00702848,-0.998333,-0.0572911,0.010502,-0.057363,0.998298,0.99992,-0.00641485,-0.0108876,0,0,0,0,0,0,1,0,0,0,1,0,0,0,1,1,0,0,0,1,0,0,0,1,0,0,0,0,0,0,1,0,0,0,1,0,0,0,1,1,0,0,0,1,0,0,0,1,0,0,0,0,0,0,1,0,0,0,1,0,0,0,1,1,0,0,0,1,0,0,0,1,0
N1686.P705.N83,-16.8626,7.05249,-0.837601,0.00240148,0.00671319,0.0401879,0.00545565,0.00197553,-0.00146065,0.00197553,0.00372187,0.000310469,-0.00146065,0.000310469,0.0401251,0.552389,-0.832545,0.0416618,-0.833108,-0.553075,-0.00624937,0.028245,-0.0312567,-0.999112,-16.8142,7.06804,-0.792668,0.00236978,0.00666818,0.0524238,0.002711,0.000955576,-0.00238832,0.000955576,0.00644182,0.000121848,-0.00238832,0.000121848,0.0523089,0.972161,0.229356,0.0479554,-0.229543,0.973297,-0.00165027,0.0470534,0.00940348,-0.998848,-16.8456,7.04971,-0.784244,0.00392835,0.00628537,0.0598736,0.00419284,0.0007136,-0.00181856,0.0007136,0.0061229,-0.00149031,-0.00181856,-0.00149031,0.0597715,0.955264,0.293909,0.0329903,-0.29484,0.955132,0.0281383,0.02324,0.0366064,-0.999059,-16.8863,6.93925,-0.80206,0.0050743,0.00951576,0.0587365,0.00531505,0.00073757,-0.00244593,0.00073757,0.00938745,0.000183292,-0.00244593,0.000183292,0.0586241,0.984346,0.170223,0.0456957,-0.170264,0.985394,-0.00302733,0.0455435,0.00480037,-0.998951,1
N1694.P2890.P65,0,0,0,0,0,0,1,0,0,0,1,0,0,0,1,1,0,0,0,1,0,0,0,1,-16.943,28.9066,0.652739,0.00130733,0.0150046,0.142109,0.13596,-0.00296544,-0.0283775,-0.00296544,0.0118729,-0.00526138,-0.0283775,-0.00526138,0.0105876,0.191016,-0.0891914,0.977526,0.47999,0.877166,-0.0137595,0.856226,-0.471831,-0.210364,-17.0784,28.8583,0.716898,0.00262064,0.0154813,0.19762,0.187198,-0.0109941,-0.0424232,-0.0109941,0.0141432,-0.00214681,-0.0424232,-0.00214681,0.0143811,0.228468,-0.0365931,0.972864,0.384619,0.921395,-0.0556669,0.894355,-0.3869,-0.224584,0,0,0,0,0,0,1,0,0,0,1,0,0,0,1,1,0,0,0,1,0,0,0,1,0
N1706.P2925.P190,0,0,0,0,0,0,1,0,0,0,1,0,0,0,1,1,0,0,0,1,0,0,0,1,-17.0691,29.2523,1.90755,0.00794127,0.163405,0.185779,0.156376,0.0103752,0.0383712,0.0103752,0.149039,-0.0662501,0.0383712,-0.0662501,0.0517107,-0.254213,-0.894724,-0.367212,0.426306,-0.444473,0.78785,0.868124,-0.0437373,-0.494417,0,0,0,0,0,0,1,0,0,0,1,0,0,0,1,1,0,0,0,1,0,0,0,1,0,0,0,0,0,0,1,0,0,0,1,0,0,0,1,1,0,0,0,1,0,0,0,1,0
N1728.P491.N64,-17.2828,4.91622,-0.647655,0.000741372,0.00661469,0.0495537,0.000989011,0.000659004,0.00252169,0.000659004,0.00671706,-0.00309732,0.00252169,-0.00309732,0.0492036,0.988267,-0.144053,0.0507585,-0.140288,-0.987544,-0.0712475,-0.0603896,-0.0632908,0.996166,-17.2509,4.90343,-0.612768,0.000621894,0.0069914,0.0865442,0.000764104,0.000238459,0.00338319,0.000238459,0.00698267,5.07088e-05,0.00338319,5.07088e-05,0.0864107,0.998535,-0.0370618,0.0394117,-0.0371204,-0.999311,0.000754981,-0.0393565,0.00221685,0.999223,-17.2825,4.88121,-0.571599,0.00118421,0.00764766,0.075083,0.00134215,0.00058562,0.00273849,0.00058562,0.00759361,-0.000405777,0.00273849,-0.000405777,0.0749791,0.994936,-0.0934236,0.0370653,-0.0932763,-0.995624,-0.00568661,-0.0374344,-0.00220049,0.999297,-17.3123,4.76216,-0.589471,0.00104113,0.00942474,0.0663737,0.00113987,1.91524e-05,0.00251652,1.91524e-05,0.00961301,0.00328263,0.00251652,0.00328263,0.0660867,-0.999145,-0.0150558,0.038501,-0.0128186,0.998251,0.0577066,0.0393025,-0.0571637,0.997591,1
N1735.P3255.P210,0,0,0,0,0,0,1,0,0,0,1,0,0,0,1,1,0,0,0,1,0,0,0,1,0,0,0,0,0,0,1,0,0,0,1,0,0,0,1,1,0,0,0,1,0,0,0,1,0,0,0,0,0,0,1,0,0,0,1,0,0,0,1,1,0,0,0,1,0,0,0,1,-17.3535,32.5594,2.10766,0.000675594,0.0327258,0.169532,0.143198,0.0457071,0.035974,0.0457071,0.0486724,0.00493684,0.035974,0.00493684,0.0110624,0.295997,-0.290424,0.909967,-0.185499,0.917042,0.353022,-0.937004,-0.273292,0.217568,0
N1752.P1986.P312,0,0,0,0,0,0,1,0,0,0,1,0,0,0,1,1,0,0,0,1,0,0,0,1,-17.5227,19.8616,3.12232,0.0029386,0.0630668,0.474239,0.0716214,-0.0984139,0.0775265,-0.0984139,0.371598,-0.149781,0.0775265,-0.149781,0.0970252,-0.657515,-0.695448,0.289874,0.12626,-0.480996,-0.867583,0.742787,-0.533849,0.40407,0,0,0,0,0,0,1,0,0,0,1,0,0,0,1,1,0,0,0,1,0,0,0,1,0,0,0,0,0,0,1,0,0,0,1,0,0,0,1,1,0,0,0,1,0,0,0,1,0
N1760.P2767.P68,0,0,0,0,0,0,1,0,0,0,1,0,0,0,1,1,0,0,0,1,0,0,0,1,-17.6046,27.6755,0.685529,0.00505064,0.037655,0.1858,0.159058,0.0579442,-0.0155973,0.0579442,0.056197,0.00806977,-0.0155973,0.00806977,0.0132505,-0.245184,-0.327362,0.912535,0.41594,0.814713,0.404026,-0.875716,0.47862,-0.0635915,-17.7345,27.6067,0.803767,0.0456573,0.0700412,0.216423,0.196328,0.0503477,0.00194448,0.0503477,0.09011,0.000482399,0.00194448,0.000482399,0.0456834,0.0149277,-0.370159,0.928849,-0.00605672,0.928902,0.370277,-0.99987,-0.0111532,0.0116244,0,0,0,0,0,0,1,0,0,0,1,0,0,0,1,1,0,0,0,1,0,0,0,1,0
N1780.P2810.P188,0,0,0,0,0,0,1,0,0,0,1,0,0,0,1,1,0,0,0,1,0,0,0,1,-17.8043,28.1006,1.88476,0.00250415,0.0577658,0.0838286,0.0584951,0.0106192,0.0112644,0.0106192,0.079093,-0.00925542,0.0112644,-0.00925542,0.00651051,-0.221845,-0.904684,0.363774,0.147242,0.337711,0.929662,0.963901,-0.259804,-0.0582881,0,0,0,0,0,0,1,0,0,0,1,0,0,0,1,1,0,0,0,1,0,0,0,1,0,0,0,0,0,0,1,0,0,0,1,0,0,0,1,1,0,0,0,1,0,0,0,1,0
N1780.P491.N68,-17.8013,4.91095,-0.689538,0.000662196,0.00581184,0.0622753,0.00092878,0.000619328,0.00324077,0.000619328,0.00575122,-0.0014344,0.00324077,-0.0014344,0.0620693,0.989161,-0.137131,0.0524882,-0.135989,-0.990401,-0.0247589,-0.0553796,-0.0173527,0.998315,-17.7657,4.88686,-0.624519,0.000549642,0.00669391,0.0923421,0.000732534,0.00019072,0.00401453,0.00019072,0.00668847,-0.00037012,0.00401453,-0.00037012,0.0921647,0.998469,-0.0338189,0.043771,-0.0336663,-0.999424,-0.00421948,-0.0438885,-0.00273941,0.999033,-17.8011,4.86872,-0.57779,0.00109771,0.00729947,0.0774302,0.00122177,0.000568835,0.00239963,0.000568835,0.00725843,0.000706302,0.00239963,0.000706302,0.0773471,0.995615,-0.0880659,0.0315473,-0.0884294,-0.996029,0.0103155,-0.0305136,0.01306,0.999449,-17.8248,4.74934,-0.589057,0.00106499,0.00878704,0.0660658,0.00118429,-7.32908e-05,0.0027121,-7.32908e-05,0.0089632,0.0032276,0.0027121,0.0032276,0.0657703,0.998703,0.0292899,0.0416345,0.0269223,-0.998049,0.0563305,-0.0432032,0.0551366,0.997544,1
N1781.P3125.P91,0,0,0,0,0,0,1,0,0,0,1,0,0,0,1,1,0,0,0,1,0,0,0,1,0,0,0,0,0,0,1,0,0,0,1,0,0,0,1,1,0,0,0,1,0,0,0,1,-17.8117,31.252,0.910505,0.00915727,0.153954,0.648417,0.175423,0.102915,0.00453911,0.102915,0.624123,-0.035778,0.00453911,-0.035778,0.0119823,0.070281,-0.974779,0.211816,-0.0696549,0.207027,0.975853,-0.995092,-0.0833379,-0.0533481,-18.0798,31.4386,0.855442,0.00414036,0.0571724,0.462803,0.277125,0.203223,0.0169292,0.203223,0.239682,-0.000756335,0.0169292,-0.000756335,0.00730845,0.175085,-0.650452,0.739092,-0.154184,0.723311,0.673089,-0.972405,-0.231804,0.0263518,0
N1785.P2667.P186,0,0,0,0,0,0,1,0,0,0,1,0,0,0,1,1,0,0,0,1,0,0,0,1,-17.8549,26.6759,1.86999,0.000215843,0.0395123,0.0951813,0.0675869,0.0254007,0.0114109,0.0254007,0.0544604,0.0261781,0.0114109,0.0261781,0.0128622,-0.0137157,-0.703823,0.710243,0.43979,0.633669,0.636434,-0.897996,0.321087,0.300843,0,0,0,0,0,0,1,0,0,0,1,0,0,0,1,1,0,0,0,1,0,0,0,1,0,0,0,0,0,0,1,0,0,0,1,0,0,0,1,1,0,0,0,1,0,0,0,1,0
N1789.P2835.P255,0,0,0,0,0,0,1,0,0,0,1,0,0,0,1,1,0,0,0,1,0,0,0,1,0,0,0,0,0,0,1,0,0,0,1,0,0,0,1,1,0,0,0,1,0,0,0,1,-17.8968,28.3579,2.55403,0.293774,0.753061,4.36,0.771104,0.619872,-0.193103,0.619872,4.25115,-0.050783,-0.193103,-0.050783,0.38458,-0.437078,-0.882969,0.171254,0.0569439,0.162856,0.985005,-0.897619,0.440276,-0.0209012,0,0,0,0,0,0,1,0,0,0,1,0,0,0,1,1,0,0,0,1,0,0,0,1,0
N1789.P3171.P86,0,0,0,0,0,0,1,0,0,0,1,0,0,0,1,1,0,0,0,1,0,0,0,1,-17.8912,31.7178,0.863829,0.00490443,0.0541615,0.28063,0.170676,0.115158,0.00590829,0.115158,0.159832,-0.0133651,0.00590829,-0.0133651,0.00918791,0.188973,-0.664859,0.722669,-0.222964,0.687658,0.690952,-0.956335,-0.2917,-0.0182909,0,0,0,0,0,0,1,0,0,0,1,0,0,0,1,1,0,0,0,1,0,0,0,1,0,0,0,0,0,0,1,0,0,0,1,0,0,0,1,1,0,0,0,1,0,0,0,1,0
N1800.P2800.P199,0,0,0,0,0,0,1,0,0,0,1,0,0,0,1,1,0,0,0,1,0,0,0,1,0,0,0,0,0,0,1,0,0,0,1,0,0,0,1,1,0,0,0,1,0,0,0,1,0,0,0,0,0,0,1,0,0,0,1,0,0,0,1,1,0,0,0,1,0,0,0,1,-18.0017,28.0044,1.99387,0.484089,1.071,2.97247,0.782733,0.536379,-0.277188,0.536379,2.83749,-0.017524,-0.277188,-0.017524,0.907334,-0.825721,0.50925,0.242587,0.184226,-0.163012,0.969272,-0.533146,-0.845039,-0.0407856,0
N1817.P3152.P311,0,0,0,0,0,0,1,0,0,0,1,0,0,0,1,1,0,0,0,1,0,0,0,1,-18.1737,31.5279,3.11589,0.0281282,0.131296,0.83583,0.70971,-0.106876,-0.250126,-0.106876,0.0936651,0.0984674,-0.250126,0.0984674,0.19188,0.111499,-0.405906,0.907088,-0.767198,-0.615329,-0.181045,0.631645,-0.67573,-0.380019,0,0,0,0,0,0,1,0,0,0,1,0,0,0,1,1,0,0,0,1,0,0,0,1,0,0,0,0,0,0,1,0,0,0,1,0,0,0,1,1,0,0,0,1,0,0,0,1,0
N1854.P2878.P373,0,0,0,0,0,0,1,0,0,0,1,0,0,0,1,1,0,0,0,1,0,0,0,1,-18.5411,28.7816,3.73345,0.0119185,0.134773,0.632793,0.122503,0.136338,-0.0351853,0.136338,0.375688,-0.268147,-0.0351853,-0.268147,0.281294,0.584815,-0.773473,0.244398,-0.611802,-0.222752,0.758999,-0.532625,-0.593398,-0.603481,-18.5357,28.9149,3.46584,0.0143601,0.128758,0.622817,0.0929412,0.101043,-0.0141891,0.101043,0.363077,-0.271434,-0.0141891,-0.271434,0.309917,0.649787,-0.743308,0.158966,-0.57513,-0.34404,0.742201,-0.496993,-0.573699,-0.651051,-18.5956,28.7953,3.51776,0.0406032,0.148248,0.583721,0.110158,0.126511,-0.0165297,0.126511,0.42629,-0.202716,-0.0165297,-0.202716,0.236125,0.766137,0.596163,0.24005,-0.47743,0.277911,0.833562,-0.430226,0.75323,-0.497544,0
N1872.P3266.P383,0,0,0,0,0,0,1,0,0,0,1,0,0,0,1,1,0,0,0,1,0,0,0,1,0,0,0,0,0,0,1,0,0,0,1,0,0,0,1,1,0,0,0,1,0,0,0,1,0,0,0,0,0,0,1,0,0,0,1,0,0,0,1,1,0,0,0,1,0,0,0,1,-18.7259,32.6635,3.83732,0.00520269,0.0274981,0.0898043,0.0840078,0.00260343,-0.020409,0.00260343,0.0205615,0.00999086,-0.020409,0.00999086,0.0179357,0.225302,0.155263,0.961838,-0.55781,0.829962,-0.0033133,0.798804,0.535776,-0.2736,0
N1881.P2668.P269,0,0,0,0,0,0,1,0,0,0,1,0,0,0,1,1,0,0,0,1,0,0,0,1,-18.812,26.6839,2.69767,0.0705236,0.453559,0.678289,0.54115,-0.0158209,0.129545,-0.0158209,0.265473,-0.241624,0.129545,-0.241624,0.395749,-0.146848,-0.742913,0.653082,0.765112,-0.503769,-0.401024,0.626928,0.440791,0.642389,0,0,0,0,0,0,1,0,0,0,1,0,0,0,1,1,0,0,0,1,0,0,0,1,0,0,0,0,0,0,1,0,0,0,1,0,0,0,1,1,0,0,0,1,0,0,0,1,0
N1896.P2202.P412,0,0,0,0,0,0,1,0,0,0,1,0,0,0,1,1,0,0,0,1,0,0,0,1,0,0,0,0,0,0,1,0,0,0,1,0,0,0,1,1,0,0,0,1,0,0,0,1,-18.9605,22.0266,4.12779,0.0632099,0.10525,0.422607,0.180508,-0.133661,0.0258311,-0.133661,0.329443,-0.0667419,0.0258311,-0.0667419,0.0811153,0.143825,-0.859903,0.489777,0.307971,-0.431453,-0.84794,0.940462,0.272792,0.202771,0,0,0,0,0,0,1,0,0,0,1,0,0,0,1,1,0,0,0,1,0,0,0,1,0
N1902.P1993.P81,0,0,0,0,0,0,1,0,0,0,1,0,0,0,1,1,0,0,0,1,0,0,0,1,-19.0283,19.9321,0.810943,0.0085479,0.168091,0.557603,0.554656,0.0299465,0.0260523,0.0299465,0.115305,-0.0742533,0.0260523,-0.0742533,0.0642811,0.070579,0.0233184,0.997234,-0.582843,-0.810352,0.0601991,-0.809514,0.58548,0.0436028,0,0,0,0,0,0,1,0,0,0,1,0,0,0,1,1,0,0,0,1,0,0,0,1,0,0,0,0,0,0,1,0,0,0,1,0,0,0,1,1,0,0,0,1,0,0,0,1,0
N1906.P3286.P421,0,0,0,0,0,0,1,0,0,0,1,0,0,0,1,1,0,0,0,1,0,0,0,1,0,0,0,0,0,0,1,0,0,0,1,0,0,0,1,1,0,0,0,1,0,0,0,1,-19.0699,32.8601,4.21568,0.0126492,0.0382602,0.150208,0.107053,0.0564446,-0.0254652,0.0564446,0.0647299,-0.00181119,-0.0254652,-0.00181119,0.0293348,-0.495713,0.289043,0.818976,0.512876,-0.663576,0.544633,-0.700876,-0.690015,-0.1807,0,0,0,0,0,0,1,0,0,0,1,0,0,0,1,1,0,0,0,1,0,0,0,1,0
N1912.P1831.P169,0,0,0,0,0,0,1,0,0,0,1,0,0,0,1,1,0,0,0,1,0,0,0,1,-19.1287,18.3164,1.69985,0.24097,0.449439,3.41863,1.63609,1.4302,0.52079,1.4302,2.0084,0.440142,0.52079,0.440142,0.464543,-0.551421,-0.524339,0.648848,0.247839,0.6397,0.727571,0.796562,-0.562008,0.222792,0,0,0,0,0,0,1,0,0,0,1,0,0,0,1,1,0,0,0,1,0,0,0,1,0,0,0,0,0,0,1,0,0,0,1,0,0,0,1,1,0,0,0,1,0,0,0,1,0
N1918.P2836.P136,0,0,0,0,0,0,1,0,0,0,1,0,0,0,1,1,0,0,0,1,0,0,0,1,0,0,0,0,0,0,1,0,0,0,1,0,0,0,1,1,0,0,0,1,0,0,0,1,-19.187,28.3607,1.36069,0.00127334,0.0397841,0.105827,0.103703,-0.0117154,-0.0016594,-0.0117154,0.0410782,-0.00536897,-0.0016594,-0.00536897,0.00210354,0.0323759,-0.174661,0.984096,0.142954,-0.97368,-0.177515,0.9892,0.146428,-0.00655531,0,0,0,0,0,0,1,0,0,0,1,0,0,0,1,1,0,0,0,1,0,0,0,1,0
N1931.N919.P814,0,0,0,0,0,0,1,0,0,0,1,0,0,0,1,1,0,0,0,1,0,0,0,1,0,0,0,0,0,0,1,0,0,0,1,0,0,0,1,1,0,0,0,1,0,0,0,1,0,0,0,0,0,0,1,0,0,0,1,0,0,0,1,1,0,0,0,1,0,0,0,1,-19.3107,-9.19636,8.1492,0.000743182,0.0915083,2.90553,0.0675234,0.125969,-0.04807,0.125969,2.89454,-0.122385,-0.04807,-0.122385,0.0357237,-0.571951,-0.819051,0.0450334,-0.00979203,0.0617128,0.998046,-0.82023,0.570392,-0.0433169,0
N1939.P2705.P124,0,0,0,0,0,0,1,0,0,0,1,0,0,0,1,1,0,0,0,1,0,0,0,1,0,0,0,0,0,0,1,0,0,0,1,0,0,0,1,1,0,0,0,1,0,0,0,1,-19.398,27.0502,1.24093,0.00478816,0.0133536,0.177256,0.00920459,0.0190005,0.0015978,0.0190005,0.172868,-0.0193382,0.0015978,-0.0193382,0.0133245,-0.847407,-0.519315,0.110515,0.154247,-0.0416214,0.987155,0.508045,-0.853569,-0.115373,0,0,0,0,0,0,1,0,0,0,1,0,0,0,1,1,0,0,0,1,0,0,0,1,0
N1943.N828.P825,0,0,0,0,0,0,1,0,0,0,1,0,0,0,1,1,0,0,0,1,0,0,0,1,0,0,0,0,0,0,1,0,0,0,1,0,0,0,1,1,0,0,0,1,0,0,0,1,-19.4321,-8.28294,8.25002,0.000499878,0.0230196,2.98774,0.0568603,0.347972,-0.0425141,0.347972,2.92182,-0.264561,-0.0425141,-0.264561,0.0325749,-0.593662,-0.795911,0.118708,-0.00216254,0.149093,0.988821,-0.804712,0.586769,-0.0902319,0,0,0,0,0,0,1,0,0,0,1,0,0,0,1,1,0,0,0,1,0,0,0,1,0
N1953.P2076.P373,0,0,0,0,0,0,1,0,0,0,1,0,0,0,1,1,0,0,0,1,0,0,0,1,-19.5345,20.7647,3.73016,0.000473158,0.0730246,0.199458,0.158818,-0.0537561,-0.0367214,-0.0537561,0.0297356,0.0412852,-0.0367214,0.0412852,0.0844027,-0.228158,-0.489398,0.841685,-0.909479,-0.201462,-0.363676,0.34755,-0.848471,-0.399132,0,0,0,0,0,0,1,0,0,0,1,0,0,0,1,1,0,0,0,1,0,0,0,1,0,0,0,0,0,0,1,0,0,0,1,0,0,0,1,1,0,0,0,1,0,0,0,1,0
N1962.P2628.P332,0,0,0,0,0,0,1,0,0,0,1,0,0,0,1,1,0,0,0,1,0,0,0,1,0,0,0,0,0,0,1,0,0,0,1,0,0,0,1,1,0,0,0,1,0,0,0,1,-19.6262,26.2868,3.32337,0.00450217,0.111123,0.331611,0.213384,-0.0788755,0.0766084,-0.0788755,0.11945,-0.112395,0.0766084,-0.112395,0.114402,0.00237766,-0.732255,0.681026,0.699953,-0.485163,-0.524102,0.714185,0.477933,0.511391,0,0,0,0,0,0,1,0,0,0,1,0,0,0,1,1,0,0,0,1,0,0,0,1,0
N1967.P1811.P172,0,0,0,0,0,0,1,0,0,0,1,0,0,0,1,1,0,0,0,1,0,0,0,1,0,0,0,0,0,0,1,0,0,0,1,0,0,0,1,1,0,0,0,1,0,0,0,1,-19.6761,18.1168,1.72559,0.457552,0.692287,4.22387,2.52185,1.85388,0.134105,1.85388,2.19851,0.00115485,0.134105,0.00115485,0.653358,0.620952,0.265958,0.73735,-0.660949,-0.32804,0.674934,-0.421385,0.906452,0.0279124,0,0,0,0,0,0,1,0,0,0,1,0,0,0,1,1,0,0,0,1,0,0,0,1,0
N1967.P2905.P69,0,0,0,0,0,0,1,0,0,0,1,0,0,0,1,1,0,0,0,1,0,0,0,1,-19.6771,29.0593,0.690796,0.00848294,0.0179176,0.235105,0.209161,-0.0712516,-0.00172283,-0.0712516,0.0394176,-0.00438456,-0.00172283,-0.00438456,0.0129264,0.235156,-0.248499,0.939654,0.644724,-0.683579,-0.342125,0.727346,0.686271,-0.000534678,0,0,0,0,0,0,1,0,0,0,1,0,0,0,1,1,0,0,0,1,0,0,0,1,-19.6926,28.8746,0.696643,0.0126171,0.0224731,0.205327,0.190422,-0.0480213,0.015858,-0.0480213,0.0289391,-0.00913571,0.015858,-0.00913571,0.0210559,0.169048,-0.226705,0.959181,0.810918,-0.521158,-0.266095,0.56021,0.822799,0.0957379,0
N1983.P2928.N40,-19.8387,29.2839,-0.400768,0.0109538,0.0205146,0.0542502,0.0425896,0.00566333,-0.0152798,0.00566333,0.0120423,-0.00371163,-0.0152798,-0.00371163,0.0310866,0.140227,-0.566047,0.812359,-0.987231,-0.017306,0.158354,-0.0755772,-0.824191,-0.561246,-19.8387,29.2083,-0.463545,0.0116003,0.0581342,0.123945,0.0614627,0.0124234,0.0171475,0.0124234,0.015394,0.0126005,0.0171475,0.0126005,0.116823,-0.214442,-0.933232,0.288259,0.973321,-0.179515,0.142898,-0.0816099,0.311212,0.94683,-19.7953,29.2441,-0.335157,0.0127965,0.0239417,0.0491385,0.0352209,0.0108144,-0.00898042,0.0108144,0.0195825,-0.00913272,-0.00898042,-0.00913272,0.0310734,0.316681,-0.638523,0.701428,-0.901531,0.027275,0.431853,-0.29488,-0.769119,-0.567011,-19.9209,29.0559,-0.565509,0.0319041,0.104289,0.133928,0.103868,0.005521,-0.00359904,0.005521,0.0399784,0.0265685,-0.00359904,0.0265685,0.126275,0.0871562,0.994015,0.0658674,-0.958045,0.101758,-0.267947,0.273045,0.0397507,-0.96118,1
N1991.P1807.P194,0,0,0,0,0,0,1,0,0,0,1,0,0,0,1,1,0,0,0,1,0,0,0,1,0,0,0,0,0,0,1,0,0,0,1,0,0,0,1,1,0,0,0,1,0,0,0,1,0,0,0,0,0,0,1,0,0,0,1,0,0,0,1,1,0,0,0,1,0,0,0,1,-19.9119,18.0726,1.9489,0.56348,1.12249,3.8242,2.23411,1.52884,-0.051892,1.52884,2.32762,0.326605,-0.051892,0.326605,0.948445,-0.560411,0.457721,0.69024,0.592752,-0.360396,0.72025,-0.578433,-0.812777,0.0693451,0
N2004.P2906.N107,0,0,0,0,0,0,1,0,0,0,1,0,0,0,1,1,0,0,0,1,0,0,0,1,0,0,0,0,0,0,1,0,0,0,1,0,0,0,1,1,0,0,0,1,0,0,0,1,-20.0495,29.0687,-1.07229,0.0111671,0.0259035,0.288604,0.28487,0.0243182,0.0197019,0.0243182,0.0154427,0.00694884,0.0197019,0.00694884,0.0253625,-0.055088,-0.104934,0.992952,0.924868,0.3694,0.0903485,-0.376277,0.923327,0.0767008,0,0,0,0,0,0,1,0,0,0,1,0,0,0,1,1,0,0,0,1,0,0,0,1,0
N2017.P2739.P206,0,0,0,0,0,0,1,0,0,0,1,0,0,0,1,1,0,0,0,1,0,0,0,1,0,0,0,0,0,0,1,0,0,0,1,0,0,0,1,1,0,0,0,1,0,0,0,1,-20.1718,27.393,2.06589,0.00245551,0.00710768,0.0587842,0.0583018,0.0041162,-0.00278434,0.0041162,0.0061545,-0.00230356,-0.00278434,-0.00230356,0.00389101,-0.00366652,-0.0965343,0.995323,-0.52568,0.846893,0.0802019,-0.850674,-0.522928,-0.0538513,-20.1851,27.1917,2.13725,0.00431094,0.0420182,0.0717646,0.0527232,-0.00805871,0.012521,-0.00805871,0.0350445,-0.0279581,0.012521,-0.0279581,0.030326,-0.0838453,-0.790053,0.607278,0.658427,-0.50136,-0.561348,0.747959,0.352782,0.562229,0
N2020.P594.P868,0,0,0,0,0,0,1,0,0,0,1,0,0,0,1,1,0,0,0,1,0,0,0,1,0,0,0,0,0,0,1,0,0,0,1,0,0,0,1,1,0,0,0,1,0,0,0,1,0,0,0,0,0,0,1,0,0,0,1,0,0,0,1,1,0,0,0,1,0,0,0,1,-20.2017,5.94174,8.689,0.000189452,0.00605836,3.91147,0.00604782,0.0732715,-0.00380584,0.0732715,3.90884,-0.0699378,-0.00380584,-0.0699378,0.00282864,-0.486113,-0.873695,0.0187726,-0.00652361,0.0251089,0.999663,-0.873872,0.485826,-0.0179054,0
N2021.P2956.P475,0,0,0,0,0,0,1,0,0,0,1,0,0,0,1,1,0,0,0,1,0,0,0,1,0,0,0,0,0,0,1,0,0,0,1,0,0,0,1,1,0,0,0,1,0,0,0,1,-20.2125,29.569,4.75224,0.00540599,0.0456891,0.169329,0.0659389,0.060096,-0.0136496,0.060096,0.134042,0.0151698,-0.0136496,0.0151698,0.0204433,-0.508021,-0.702885,0.497863,0.331109,0.374233,0.866208,-0.795162,0.604898,0.0426137,0,0,0,0,0,0,1,0,0,0,1,0,0,0,1,1,0,0,0,1,0,0,0,1,0
N2025.P2789.P453,0,0,0,0,0,0,1,0,0,0,1,0,0,0,1,1,0,0,0,1,0,0,0,1,0,0,0,0,0,0,1,0,0,0,1,0,0,0,1,1,0,0,0,1,0,0,0,1,-20.2573,27.8994,4.5313,0.001432,0.0293438,0.116451,0.01013,0.00697725,-0.0131716,0.00697725,0.115512,-0.00583241,-0.0131716,-0.00583241,0.0215847,0.839954,0.53757,-0.0741269,-0.0236552,-0.100199,-0.994686,0.542141,-0.837245,0.0714458,0,0,0,0,0,0,1,0,0,0,1,0,0,0,1,1,0,0,0,1,0,0,0,1,0
N2038.P2875.P466,0,0,0,0,0,0,1,0,0,0,1,0,0,0,1,1,0,0,0,1,0,0,0,1,0,0,0,0,0,0,1,0,0,0,1,0,0,0,1,1,0,0,0,1,0,0,0,1,0,0,0,0,0,0,1,0,0,0,1,0,0,0,1,1,0,0,0,1,0,0,0,1,-20.3873,28.7589,4.66527,0.0121922,0.0851607,0.825065,0.0673529,0.0128538,-0.0299317,0.0128538,0.810249,0.10715,-0.0299317,0.10715,0.0448156,-0.495355,0.868615,-0.0114491,0.123428,0.0573306,-0.990696,-0.859877,-0.492159,-0.135611,0
N2078.P1990.P409,0,0,0,0,0,0,1,0,0,0,1,0,0,0,1,1,0,0,0,1,0,0,0,1,-20.7826,19.9095,4.09195,0.0170841,0.0714923,0.177622,0.075786,-0.0285988,0.0487773,-0.0285988,0.126211,-0.0488055,0.0487773,-0.0488055,0.0642023,-0.562111,-0.693968,0.449933,0.21041,-0.646107,-0.733671,0.799849,-0.317734,0.509202,-20.8375,19.8484,4.06109,0.0255425,0.112789,0.23686,0.0870789,-0.0218072,0.0562585,-0.0218072,0.204339,-0.054038,0.0562585,-0.054038,0.0837735,-0.637442,-0.717743,-0.280201,0.150629,-0.472729,0.868238,0.755631,-0.511245,-0.40945,-20.8741,19.619,4.09075,0.0205636,0.124554,0.277386,0.114949,-0.0442407,0.0856503,-0.0442407,0.205532,-0.0649146,0.0856503,-0.0649146,0.102023,0.637486,-0.616395,0.462243,-0.114896,-0.669303,-0.734052,-0.761846,-0.414839,0.497493,0
N2087.P1816.P336,0,0,0,0,0,0,1,0,0,0,1,0,0,0,1,1,0,0,0,1,0,0,0,1,0,0,0,0,0,0,1,0,0,0,1,0,0,0,1,1,0,0,0,1,0,0,0,1,-20.8746,18.1697,3.36837,0.0667092,0.21797,0.502197,0.354257,0.159702,-0.066132,0.159702,0.187013,-0.108657,-0.066132,-0.108657,0.245607,0.384047,-0.542693,0.746989,-0.845303,0.11881,0.52091,-0.371444,-0.831486,-0.413111,0,0,0,0,0,0,1,0,0,0,1,0,0,0,1,1,0,0,0,1,0,0,0,1,0
N2087.P2046.P411,0,0,0,0,0,0,1,0,0,0,1,0,0,0,1,1,0,0,0,1,0,0,0,1,0,0,0,0,0,0,1,0,0,0,1,0,0,0,1,1,0,0,0,1,0,0,0,1,-20.8742,20.4607,4.11984,0.142962,0.421678,2.11007,1.55099,0.618028,-0.534764,0.618028,0.757994,-0.316932,-0.534764,-0.316932,0.365723,-0.258228,-0.50343,0.824546,-0.224695,0.861385,0.455553,-0.939591,-0.0676349,-0.335552,0,0,0,0,0,0,1,0,0,0,1,0,0,0,1,1,0,0,0,1,0,0,0,1,0
N2111.P2146.P390,0,0,0,0,0,0,1,0,0,0,1,0,0,0,1,1,0,0,0,1,0,0,0,1,-21.1153,21.4671,3.90589,0.00592829,0.0614756,0.157669,0.0718378,-0.0103413,-0.0282766,-0.0103413,0.0316462,0.0543823,-0.0282766,0.0543823,0.121589,0.0450516,-0.942908,0.329992,-0.899753,-0.18183,-0.396716,0.434069,-0.279039,-0.856576,0,0,0,0,0,0,1,0,0,0,1,0,0,0,1,1,0,0,0,1,0,0,0,1,0,0,0,0,0,0,1,0,0,0,1,0,0,0,1,1,0,0,0,1,0,0,0,1,0
N2118.P1932.N38,0,0,0,0,0,0,1,0,0,0,1,0,0,0,1,1,0,0,0,1,0,0,0,1,-21.1855,19.3205,-0.386536,0.00817103,0.0721435,0.224462,0.0519987,0.041351,-0.0539756,0.041351,0.0533277,-0.0232382,-0.0539756,-0.0232382,0.19945,0.764998,0.548857,0.336948,-0.628746,0.749783,0.206163,0.139484,0.369569,-0.918675,-21.1357,19.29,-0.632345,0.021001,0.132523,0.253366,0.0702649,0.0526078,-0.0726321,0.0526078,0.123188,-0.0148978,-0.0726321,-0.0148978,0.213437,-0.866185,-0.269289,-0.420959,0.402814,-0.874784,-0.269247,-0.295743,-0.402786,0.866198,-21.2007,19.1044,-0.655154,0.0258673,0.188218,0.249837,0.0782972,0.0535101,-0.0748371,0.0535101,0.171446,0.00971955,-0.0748371,0.00971955,0.214179,-0.866795,-0.230149,-0.442378,0.342786,-0.919292,-0.19339,-0.362166,-0.31927,0.87573,0
N2122.P2696.P127,0,0,0,0,0,0,1,0,0,0,1,0,0,0,1,1,0,0,0,1,0,0,0,1,-21.2267,26.9649,1.27933,0.00469189,0.0100891,0.281254,0.0681148,0.113609,0.000244693,0.113609,0.220552,0.00618743,0.000244693,0.00618743,0.00736802,-0.601133,-0.646111,0.470297,0.337148,0.328518,0.882274,-0.724548,0.688924,0.0203518,-21.0857,27.0009,1.29015,0.00470357,0.0967404,0.209141,0.165308,0.0563413,-0.0388611,0.0563413,0.126039,0.00919767,-0.0388611,0.00919767,0.0192384,-0.298719,-0.47715,0.826495,0.20929,0.812202,0.544542,-0.931109,0.335642,-0.142757,-21.0646,26.7371,1.26221,0.0227515,0.0559655,0.339725,0.216363,0.126931,-0.0817914,0.126931,0.139557,-0.0403842,-0.0817914,-0.0403842,0.0625214,-0.535097,0.338963,0.773806,0.309749,-0.773459,0.553007,-0.785956,-0.535598,-0.308883,0
N2123.P1982.P68,0,0,0,0,0,0,1,0,0,0,1,0,0,0,1,1,0,0,0,1,0,0,0,1,0,0,0,0,0,0,1,0,0,0,1,0,0,0,1,1,0,0,0,1,0,0,0,1,-21.2307,19.8235,0.680765,0.00453178,0.0103574,0.0159563,0.00678,0.00334142,-0.00303485,0.00334142,0.0128211,-0.00156214,-0.00303485,-0.00156214,0.0112444,0.894081,-0.0884207,-0.439092,-0.297263,0.616165,-0.729366,0.335044,0.782638,0.524617,0,0,0,0,0,0,1,0,0,0,1,0,0,0,1,1,0,0,0,1,0,0,0,1,0
N2124.P1935.N97,-21.244,19.3574,-0.97701,0.0501734,0.0835055,0.187337,0.1642,0.0389282,-0.018756,0.0389282,0.0964097,-0.0217497,-0.018756,-0.0217497,0.0604069,-0.00495428,-0.472023,0.881572,-0.422236,0.800128,0.426042,-0.906473,-0.370121,-0.203269,0,0,0,0,0,0,1,0,0,0,1,0,0,0,1,1,0,0,0,1,0,0,0,1,0,0,0,0,0,0,1,0,0,0,1,0,0,0,1,1,0,0,0,1,0,0,0,1,0,0,0,0,0,0,1,0,0,0,1,0,0,0,1,1,0,0,0,1,0,0,0,1,0
N2125.P2810.P79,0,0,0,0,0,0,1,0,0,0,1,0,0,0,1,1,0,0,0,1,0,0,0,1,0,0,0,0,0,0,1,0,0,0,1,0,0,0,1,1,0,0,0,1,0,0,0,1,-21.2548,28.1013,0.794186,0.0125908,0.116001,1.40819,0.957753,0.614227,-0.0451327,0.614227,0.561979,-0.0479462,-0.0451327,-0.0479462,0.0170529,0.0325149,-0.589444,0.807155,-0.122916,0.799093,0.588508,-0.991884,-0.118347,-0.0464697,0,0,0,0,0,0,1,0,0,0,1,0,0,0,1,1,0,0,0,1,0,0,0,1,0
N2132.P1756.P304,0,0,0,0,0,0,1,0,0,0,1,0,0,0,1,1,0,0,0,1,0,0,0,1,-21.3269,17.5625,3.0487,0.117965,0.394956,1.4832,0.681472,0.622459,0.200645,0.622459,0.811041,0.263194,0.200645,0.263194,0.503606,-0.723609,0.282545,0.629729,0.684251,0.174022,0.708179,-0.0905059,-0.943337,0.319256,0,0,0,0,0,0,1,0,0,0,1,0,0,0,1,1,0,0,0,1,0,0,0,1,0,0,0,0,0,0,1,0,0,0,1,0,0,0,1,1,0,0,0,1,0,0,0,1,0
N2135.P1928.N11,-21.3552,19.2824,-0.112303,0.00531884,0.00873484,0.0510342,0.0337179,0.0207443,-0.00244354,0.0207443,0.0252764,-0.00343174,-0.00244354,-0.00343174,0.00609355,0.153603,-0.619576,0.769761,-0.32039,0.705692,0.63194,-0.934749,-0.343692,-0.0901098,0,0,0,0,0,0,1,0,0,0,1,0,0,0,1,1,0,0,0,1,0,0,0,1,0,0,0,0,0,0,1,0,0,0,1,0,0,0,1,1,0,0,0,1,0,0,0,1,0,0,0,0,0,0,1,0,0,0,1,0,0,0,1,1,0,0,0,1,0,0,0,1,0
N2149.P976.P35,0,0,0,0,0,0,1,0,0,0,1,0,0,0,1,1,0,0,0,1,0,0,0,1,0,0,0,0,0,0,1,0,0,0,1,0,0,0,1,1,0,0,0,1,0,0,0,1,0,0,0,0,0,0,1,0,0,0,1,0,0,0,1,1,0,0,0,1,0,0,0,1,-21.4901,9.76888,0.352198,0.00186489,0.809709,3.66403,3.65531,-0.0364433,-0.154151,-0.0364433,0.00229382,0.0088148,-0.154151,0.0088148,0.818002,-0.009595,-0.0541984,0.998484,-0.999914,-0.00845458,-0.0100677,0.00898742,-0.998494,-0.0541126,0
N2159.P2672.P197,0,0,0,0,0,0,1,0,0,0,1,0,0,0,1,1,0,0,0,1,0,0,0,1,-21.5974,26.7229,1.9703,0.000518785,0.0245871,0.17477,0.109524,0.0755673,0.00433154,0.0755673,0.0872425,-0.00611078,0.00433154,-0.00611078,0.00310981,0.211363,-0.618556,0.756779,-0.250739,0.714046,0.653658,-0.944699,-0.327913,-0.00417301,-21.345,26.6625,2.00233,0.0037186,0.106631,0.276585,0.195578,0.0877681,-0.00102281,0.0877681,0.174249,-0.0422405,-0.00102281,-0.0422405,0.0171076,0.1333,-0.669413,0.730833,-0.30239,0.67478,0.673225,-0.943817,-0.310738,-0.112476,-21.438,26.4089,1.9943,0.00261058,0.120421,0.224308,0.20567,-0.025342,0.0424562,-0.025342,0.126384,-0.0267011,0.0424562,-0.0267011,0.0152853,-0.18102,0.330876,0.92615,0.171835,0.937862,-0.301474,0.968351,-0.104572,0.226628,0
N2164.P2792.P79,0,0,0,0,0,0,1,0,0,0,1,0,0,0,1,1,0,0,0,1,0,0,0,1,-21.6434,27.9255,0.79368,0.00736938,0.0433809,0.367413,0.185712,0.166161,0.00944424,0.166161,0.215402,-0.0133047,0.00944424,-0.0133047,0.0170496,0.376383,-0.635092,0.674533,-0.355347,0.573429,0.738179,-0.855608,-0.517531,-0.00984926,0,0,0,0,0,0,1,0,0,0,1,0,0,0,1,1,0,0,0,1,0,0,0,1,-21.7576,27.7143,0.839939,0.00842328,0.0399828,0.641036,0.272684,0.29433,0.00925711,0.29433,0.405807,-0.00206894,0.00925711,-0.00206894,0.0109506,0.223806,-0.748415,0.624329,-0.170762,0.600558,0.781134,-0.959558,-0.281435,0.00660761,0
N2166.P1947.P436,0,0,0,0,0,0,1,0,0,0,1,0,0,0,1,1,0,0,0,1,0,0,0,1,0,0,0,0,0,0,1,0,0,0,1,0,0,0,1,1,0,0,0,1,0,0,0,1,0,0,0,0,0,0,1,0,0,0,1,0,0,0,1,1,0,0,0,1,0,0,0,1,-21.6604,19.4751,4.36543,4.10852e-05,0.00359079,0.0108803,0.00880891,0.00345627,-0.00104275,0.00345627,0.0050455,0.000928504,-0.00104275,0.000928504,0.0006578,-0.24043,-0.445205,0.862546,0.335075,0.795921,0.504217,-0.910998,0.410247,-0.0421861,0
N2168.N898.P979,0,0,0,0,0,0,1,0,0,0,1,0,0,0,1,1,0,0,0,1,0,0,0,1,0,0,0,0,0,0,1,0,0,0,1,0,0,0,1,1,0,0,0,1,0,0,0,1,0,0,0,0,0,0,1,0,0,0,1,0,0,0,1,1,0,0,0,1,0,0,0,1,-21.6805,-8.98275,9.7961,0.000511445,0.0534949,2.49315,0.134259,0.472194,-0.0991498,0.472194,2.33872,-0.360497,-0.0991498,-0.360497,0.0741761,-0.565841,-0.799854,0.200145,-0.0128358,0.251259,0.967835,-0.824415,0.545071,-0.152439,0
N2218.P603.P1016,0,0,0,0,0,0,1,0,0,0,1,0,0,0,1,1,0,0,0,1,0,0,0,1,0,0,0,0,0,0,1,0,0,0,1,0,0,0,1,1,0,0,0,1,0,0,0,1,-22.1839,6.03889,10.1616,0.000301534,0.00867039,4.59339,0.0186697,-0.238511,-0.0123917,-0.238511,4.57503,0.164261,-0.0123917,0.164261,0.00866898,0.542123,-0.838681,0.0521295,-0.00190738,-0.0632648,-0.997995,0.840297,0.540936,-0.035897,0,0,0,0,0,0,1,0,0,0,1,0,0,0,1,1,0,0,0,1,0,0,0,1,0
N2246.N728.P1038,0,0,0,0,0,0,1,0,0,0,1,0,0,0,1,1,0,0,0,1,0,0,0,1,0,0,0,0,0,0,1,0,0,0,1,0,0,0,1,1,0,0,0,1,0,0,0,1,-22.4611,-7.28034,10.3853,0.00026426,0.0107607,3.14951,0.0471924,0.350088,-0.0336236,0.350088,3.08898,-0.252504,-0.0336236,-0.252504,0.0243611,-0.568138,-0.815189,0.112634,-0.00287972,0.138838,0.990311,-0.822928,0.562309,-0.0812265,-22.5479,-7.53787,10.4056,0.000138027,0.00224923,2.80056,0.0324154,0.289483,-0.0235919,0.289483,2.75295,-0.217174,-0.0235919,-0.217174,0.017581,-0.379784,-0.919171,0.10435,-0.0329965,0.12619,0.991457,-0.924487,0.373096,-0.0782544,0
N2250.P2933.P317,0,0,0,0,0,0,1,0,0,0,1,0,0,0,1,1,0,0,0,1,0,0,0,1,0,0,0,0,0,0,1,0,0,0,1,0,0,0,1,1,0,0,0,1,0,0,0,1,-22.5076,29.3314,3.1791,0.00035872,0.0188801,0.102792,0.0793858,0.0295505,-0.0239739,0.0295505,0.019259,-0.0200856,-0.0239739,-0.0200856,0.0233857,0.129435,-0.508414,0.85133,-0.810083,0.440911,0.386475,-0.57185,-0.739671,-0.354788,0,0,0,0,0,0,1,0,0,0,1,0,0,0,1,1,0,0,0,1,0,0,0,1,0
N2273.P1636.P188,0,0,0,0,0,0,1,0,0,0,1,0,0,0,1,1,0,0,0,1,0,0,0,1,-22.7397,16.3672,1.88999,0.005818,0.0516135,0.36701,0.14734,-0.0905189,0.131257,-0.0905189,0.136287,-0.114973,0.131257,-0.114973,0.140814,-0.515405,-0.626318,0.584879,0.336808,-0.775643,-0.533797,0.787983,-0.0781303,0.610719,0,0,0,0,0,0,1,0,0,0,1,0,0,0,1,1,0,0,0,1,0,0,0,1,0,0,0,0,0,0,1,0,0,0,1,0,0,0,1,1,0,0,0,1,0,0,0,1,0
N2284.P1886.P481,0,0,0,0,0,0,1,0,0,0,1,0,0,0,1,1,0,0,0,1,0,0,0,1,-22.8453,18.86,4.81365,0.00315297,0.0410381,0.420241,0.0318068,0.0725442,0.00612511,0.0725442,0.362938,0.122687,0.00612511,0.122687,0.0696873,0.749899,-0.637034,0.178434,-0.343914,-0.144985,0.92774,0.565132,0.757078,0.327809,0,0,0,0,0,0,1,0,0,0,1,0,0,0,1,1,0,0,0,1,0,0,0,1,-22.6556,18.7785,4.62451,0.0104269,0.142191,0.285923,0.0901172,0.0673012,-0.0433236,0.0673012,0.239923,0.0768427,-0.0433236,0.0768427,0.1085,0.67629,0.69688,-0.238724,-0.404469,0.0804435,-0.911007,0.615659,-0.712662,-0.33627,0
N2421.P1965.P63,-24.2164,19.6542,0.637375,0.000994942,0.00469281,0.260828,0.258737,0.00163704,-0.0231017,0.00163704,0.00371427,-0.0017918,-0.0231017,-0.0017918,0.00406458,-0.073118,-0.0523509,0.995948,-0.517671,0.855551,0.006966,-0.852449,-0.515065,-0.0896567,0,0,0,0,0,0,1,0,0,0,1,0,0,0,1,1,0,0,0,1,0,0,0,1,0,0,0,0,0,0,1,0,0,0,1,0,0,0,1,1,0,0,0,1,0,0,0,1,0,0,0,0,0,0,1,0,0,0,1,0,0,0,1,1,0,0,0,1,0,0,0,1,0
N2466.P2863.P247,0,0,0,0,0,0,1,0,0,0,1,0,0,0,1,1,0,0,0,1,0,0,0,1,0,0,0,0,0,0,1,0,0,0,1,0,0,0,1,1,0,0,0,1,0,0,0,1,-24.6692,28.6317,2.47199,0.00460894,0.0216573,0.221237,0.202613,0.0559229,-0.020582,0.0559229,0.0340345,0.0016687,-0.020582,0.0016687,0.0108549,-0.221385,-0.200285,0.954397,0.46922,0.836068,0.284295,-0.854881,0.510761,-0.0911155,-24.412,28.6684,2.37397,0.00366744,0.0293566,0.192726,0.150359,0.0725912,-0.0082748,0.0725912,0.0679464,0.0055935,-0.0082748,0.0055935,0.00744432,-0.208674,-0.457099,0.86459,0.316192,0.80504,0.50193,-0.925461,0.378116,-0.0234604,0
N2504.P1903.P95,0,0,0,0,0,0,1,0,0,0,1,0,0,0,1,1,0,0,0,1,0,0,0,1,0,0,0,0,0,0,1,0,0,0,1,0,0,0,1,1,0,0,0,1,0,0,0,1,0,0,0,0,0,0,1,0,0,0,1,0,0,0,1,1,0,0,0,1,0,0,0,1,-25.0462,19.0342,0.952505,0.00111587,0.023484,0.097736,0.0233976,0.012802,0.00344616,0.012802,0.0908715,-0.0210166,0.00344616,-0.0210166,0.00806684,0.290346,-0.944176,0.155664,-0.257232,0.0796752,0.96306,-0.9217,-0.319662,-0.219739,0
N2538.P981.P293,0,0,0,0,0,0,1,0,0,0,1,0,0,0,1,1,0,0,0,1,0,0,0,1,0,0,0,0,0,0,1,0,0,0,1,0,0,0,1,1,0,0,0,1,0,0,0,1,0,0,0,0,0,0,1,0,0,0,1,0,0,0,1,1,0,0,0,1,0,0,0,1,-25.3883,9.81923,2.936,0.00252229,0.00345032,0.469068,0.00331739,-0.000400197,-0.00414106,-0.000400197,0.00273856,0.00465422,-0.00414106,0.00465422,0.468985,-0.427756,-0.90385,0.00889893,-0.903879,0.427671,-0.00998728,0.00522119,-0.0123157,-0.999911,0
N2585.P557.P1265,0,0,0,0,0,0,1,0,0,0,1,0,0,0,1,1,0,0,0,1,0,0,0,1,0,0,0,0,0,0,1,0,0,0,1,0,0,0,1,1,0,0,0,1,0,0,0,1,0,0,0,0,0,0,1,0,0,0,1,0,0,0,1,1,0,0,0,1,0,0,0,1,-25.8569,5.57083,12.6596,0.000319729,0.00598026,7.00791,0.0462556,-0.535748,-0.0299876,-0.535748,6.94791,0.359827,-0.0299876,0.359827,0.0200415,0.436069,-0.896626,0.0768489,-0.0129766,-0.0916521,-0.995707,0.899819,0.4332,-0.0516019,0
N2788.P975.N55,0,0,0,0,0,0,1,0,0,0,1,0,0,0,1,1,0,0,0,1,0,0,0,1,0,0,0,0,0,0,1,0,0,0,1,0,0,0,1,1,0,0,0,1,0,0,0,1,0,0,0,0,0,0,1,0,0,0,1,0,0,0,1,1,0,0,0,1,0,0,0,1,-27.8807,9.75753,-0.558782,0.000317364,0.00552992,0.225165,0.000320718,2.17782e-05,-0.000860317,2.17782e-05,0.00553434,-0.000991366,-0.000860317,-0.000991366,0.225157,-0.999987,-0.00343296,0.00382665,0.00345023,-0.999984,0.00451408,-0.00381109,-0.00452723,-0.999982,0
N2789.P976.P87,0,0,0,0,0,0,1,0,0,0,1,0,0,0,1,1,0,0,0,1,0,0,0,1,0,0,0,0,0,0,1,0,0,0,1,0,0,0,1,1,0,0,0,1,0,0,0,1,0,0,0,0,0,0,1,0,0,0,1,0,0,0,1,1,0,0,0,1,0,0,0,1,-27.8931,9.76734,0.870313,0.00103942,0.00580643,0.120251,0.00108081,-0.000405283,0.00104613,-0.000405283,0.00579886,-0.00167574,0.00104613,-0.00167574,0.120217,0.996588,0.0820664,0.00882706,0.0821898,-0.996509,-0.0146705,-0.00759228,-0.0153459,0.999853,0
N2790.P979.P356,0,0,0,0,0,0,1,0,0,0,1,0,0,0,1,1,0,0,0,1,0,0,0,1,0,0,0,0,0,0,1,0,0,0,1,0,0,0,1,1,0,0,0,1,0,0,0,1,0,0,0,0,0,0,1,0,0,0,1,0,0,0,1,1,0,0,0,1,0,0,0,1,-27.9054,9.79723,3.56469,0.000649078,0.00391801,0.330476,0.000762544,0.000157931,-0.00610741,0.000157931,0.00422435,-0.00999985,-0.00610741,-0.00999985,0.330056,-0.999788,0.00896583,0.0185262,-0.00839544,-0.999495,0.0306401,-0.0187916,-0.0304781,-0.999359,0
N328.P982.N129,0,0,0,0,0,0,1,0,0,0,1,0,0,0,1,1,0,0,0,1,0,0,0,1,-3.28477,9.82989,-1.29709,0.000112462,0.0173391,0.0389102,0.0173525,0.000563105,-0.000125217,0.000563105,0.0388698,0.00100095,-0.000125217,0.00100095,0.000139446,-0.00810756,-0.99963,-0.025954,0.0259343,0.0257359,-0.999332,-0.999631,0.00877525,-0.025716,0,0,0,0,0,0,1,0,0,0,1,0,0,0,1,1,0,0,0,1,0,0,0,1,0,0,0,0,0,0,1,0,0,0,1,0,0,0,1,1,0,0,0,1,0,0,0,1,0
N371.P3424.N31,0,0,0,0,0,0,1,0,0,0,1,0,0,0,1,1,0,0,0,1,0,0,0,1,-3.71645,34.2498,-0.310611,0.000768339,0.0175378,3.71492,3.71418,0.0507418,0.0139141,0.0507418,0.00160404,-0.00134832,0.0139141,-0.00134832,0.0174477,-0.0139502,0.00248283,0.9999,0.99565,0.0921662,0.0136621,0.092123,-0.995741,0.00375777,-4.00646,34.2112,-0.351408,0.000701851,0.01909,3.72068,3.72008,0.0470413,-0.00305664,0.0470413,0.00172933,-0.00282545,-0.00305664,-0.00282545,0.0186601,-0.012371,-0.00276505,0.99992,0.988094,0.153332,0.0126487,0.153355,-0.988171,-0.000835255,-3.68789,34.1555,-0.317093,0.00166233,0.0241565,3.74967,3.74767,0.0841753,-0.0206043,0.0841753,0.0072237,-0.0087756,-0.0206043,-0.0087756,0.0206044,0.018332,0.0141862,0.999731,-0.91466,-0.403598,0.0224991,-0.403809,0.914827,-0.00557677,0
N390.P3424.N99,0,0,0,0,0,0,1,0,0,0,1,0,0,0,1,1,0,0,0,1,0,0,0,1,-3.90261,34.2489,-0.992988,0.000286784,0.0017696,0.312355,0.312315,0.0014291,-0.00323193,0.0014291,0.000325034,-0.000229306,-0.00323193,-0.000229306,0.00177155,0.00301635,-0.0109675,0.999935,-0.989248,0.146172,0.00458736,-0.146213,-0.989198,-0.0104087,-3.94105,34.2379,-1.00402,0.000816523,0.00250204,0.311913,0.311898,0.00195575,-0.000792315,0.00195575,0.00108698,0.000602051,-0.000792315,0.000602051,0.0022459,-0.00678209,0.00011728,0.999977,0.920216,-0.391361,0.00628703,-0.391353,-0.920237,-0.00254632,0,0,0,0,0,0,1,0,0,0,1,0,0,0,1,1,0,0,0,1,0,0,0,1,0
N429.P592.N13,-4.2956,5.92317,-0.134769,0.240683,0.625016,1.70928,0.670366,0.227918,-0.00862408,0.227918,1.63858,0.174742,-0.00862408,0.174742,0.266035,-0.0932276,-0.972832,0.211912,0.13845,0.198104,0.970354,-0.985972,0.119803,0.11622,0,0,0,0,0,0,1,0,0,0,1,0,0,0,1,1,0,0,0,1,0,0,0,1,0,0,0,0,0,0,1,0,0,0,1,0,0,0,1,1,0,0,0,1,0,0,0,1,0,0,0,0,0,0,1,0,0,0,1,0,0,0,1,1,0,0,0,1,0,0,0,1,0
N430.N207.N35,-4.30617,-2.07121,-0.35783,0.172922,0.593363,3.62783,3.62736,-0.022512,-0.032783,-0.022512,0.593164,-0.0121551,-0.032783,-0.0121551,0.173597,-0.00967734,-0.00709779,0.999928,-0.0294285,-0.99954,-0.00737984,-0.99952,0.0294978,-0.00946401,0,0,0,0,0,0,1,0,0,0,1,0,0,0,1,1,0,0,0,1,0,0,0,1,0,0,0,0,0,0,1,0,0,0,1,0,0,0,1,1,0,0,0,1,0,0,0,1,0,0,0,0,0,0,1,0,0,0,1,0,0,0,1,1,0,0,0,1,0,0,0,1,0
N436.P979.N142,0,0,0,0,0,0,1,0,0,0,1,0,0,0,1,1,0,0,0,1,0,0,0,1,-4.36791,9.79972,-1.42056,7.52789e-06,0.000779616,0.0179467,0.0157087,0.00578181,0.000154638,0.00578181,0.00300316,-4.91796e-05,0.000154638,-4.91796e-05,2.20479e-05,0.0544589,-0.35675,0.932611,-0.121381,0.924706,0.360813,-0.991111,-0.132851,0.00705577,0,0,0,0,0,0,1,0,0,0,1,0,0,0,1,1,0,0,0,1,0,0,0,1,0,0,0,0,0,0,1,0,0,0,1,0,0,0,1,1,0,0,0,1,0,0,0,1,0
N458.P2588.N29,-4.58709,25.8816,-0.290678,0.0047464,0.00716874,0.0147564,0.00652978,0.00293831,-0.00225802,0.00293831,0.011861,-0.00248126,-0.00225802,-0.00248126,0.00828073,0.884942,-0.226008,0.407183,-0.222867,0.562194,0.79641,0.408911,0.795524,-0.447139,0,0,0,0,0,0,1,0,0,0,1,0,0,0,1,1,0,0,0,1,0,0,0,1,0,0,0,0,0,0,1,0,0,0,1,0,0,0,1,1,0,0,0,1,0,0,0,1,0,0,0,0,0,0,1,0,0,0,1,0,0,0,1,1,0,0,0,1,0,0,0,1,0
N500.P3425.N48,-5.00392,34.2527,-0.486514,0.000713209,0.0072177,1.56112,1.56101,0.0124773,-0.00297086,0.0124773,0.000866762,-0.000612731,-0.00297086,-0.000612731,0.00716963,-0.00779025,-0.00263405,0.999966,0.995828,0.0909039,0.00799746,0.0909219,-0.995856,-0.0019149,0,0,0,0,0,0,1,0,0,0,1,0,0,0,1,1,0,0,0,1,0,0,0,1,0,0,0,0,0,0,1,0,0,0,1,0,0,0,1,1,0,0,0,1,0,0,0,1,0,0,0,0,0,0,1,0,0,0,1,0,0,0,1,1,0,0,0,1,0,0,0,1,0
N522.P3406.N96,0,0,0,0,0,0,1,0,0,0,1,0,0,0,1,1,0,0,0,1,0,0,0,1,0,0,0,0,0,0,1,0,0,0,1,0,0,0,1,1,0,0,0,1,0,0,0,1,0,0,0,0,0,0,1,0,0,0,1,0,0,0,1,1,0,0,0,1,0,0,0,1,-5.22474,34.0648,-0.960246,0.00101913,0.00214097,1.5398,1.53961,0.0171379,0.00185135,0.0171379,0.00125406,-0.000197241,0.00185135,-0.000197241,0.00209916,-0.0111556,-0.0010281,0.999937,0.980115,0.198118,0.0111381,0.198117,-0.980178,0.00120247,0
N611.P3421.N98,0,0,0,0,0,0,1,0,0,0,1,0,0,0,1,1,0,0,0,1,0,0,0,1,-6.11444,34.2193,-0.981235,0.000405562,0.00165623,0.319799,0.319777,0.000748562,-0.00253565,0.000748562,0.000471005,-0.000280901,-0.00253565,-0.000280901,0.00161276,0.000491833,-0.00829582,0.999965,-0.974208,0.225641,0.00235111,-0.225653,-0.974175,-0.00797088,-6.16943,34.1974,-1.0016,0.000404242,0.00164713,0.308369,0.308364,0.000926673,-0.000812208,0.000926673,0.0004289,0.000160968,-0.000812208,0.000160968,0.00162741,-0.00333231,-0.00222387,0.999992,0.991158,-0.132656,0.00300786,-0.132648,-0.99116,-0.00264626,0,0,0,0,0,0,1,0,0,0,1,0,0,0,1,1,0,0,0,1,0,0,0,1,0
N671.N893.N138,0,0,0,0,0,0,1,0,0,0,1,0,0,0,1,1,0,0,0,1,0,0,0,1,0,0,0,0,0,0,1,0,0,0,1,0,0,0,1,1,0,0,0,1,0,0,0,1,-6.7196,-8.9373,-1.38871,0.000858076,0.115688,0.621897,0.617973,0.0431596,-0.0112969,0.0431596,0.119334,-0.00364379,-0.0112969,-0.00364379,0.00113541,-0.0165701,-0.0861056,0.996148,-0.0247056,0.996016,0.0856832,-0.999557,-0.0231907,-0.0186314,0,0,0,0,0,0,1,0,0,0,1,0,0,0,1,1,0,0,0,1,0,0,0,1,0
N705.P938.P275,-7.05283,9.38246,2.75145,0.00175588,0.0029095,2.11462,0.00267212,0.000526195,0.00906378,0.000526195,0.00206163,0.00788684,0.00906378,0.00788684,2.11455,-0.489393,-0.872053,0.00429253,0.872063,-0.48938,0.00373432,-0.00115585,0.00557091,0.999984,0,0,0,0,0,0,1,0,0,0,1,0,0,0,1,1,0,0,0,1,0,0,0,1,0,0,0,0,0,0,1,0,0,0,1,0,0,0,1,1,0,0,0,1,0,0,0,1,0,0,0,0,0,0,1,0,0,0,1,0,0,0,1,1,0,0,0,1,0,0,0,1,0
N707.P933.P94,0,0,0,0,0,0,1,0,0,0,1,0,0,0,1,1,0,0,0,1,0,0,0,1,0,0,0,0,0,0,1,0,0,0,1,0,0,0,1,1,0,0,0,1,0,0,0,1,-7.07138,9.33943,0.947061,0.00191736,0.0041377,2.38921,0.00375642,0.000973681,0.012663,0.000973681,0.0024664,0.0154857,0.012663,0.0154857,2.38904,-0.449464,-0.893283,0.00531087,0.893292,-0.44943,0.00649017,-0.00341069,0.00766126,0.999965,-7.10582,9.28124,1.35084,0.00326516,0.00678422,2.65759,0.00472003,0.00187612,0.0122405,0.00187612,0.00580543,0.0333487,0.0122405,0.0333487,2.65711,-0.776317,0.630325,0.00462253,0.630327,0.776228,0.0125781,-0.00434015,-0.0126783,0.99991,0
N770.N523.P772,0,0,0,0,0,0,1,0,0,0,1,0,0,0,1,1,0,0,0,1,0,0,0,1,0,0,0,0,0,0,1,0,0,0,1,0,0,0,1,1,0,0,0,1,0,0,0,1,0,0,0,0,0,0,1,0,0,0,1,0,0,0,1,1,0,0,0,1,0,0,0,1,-7.70956,-5.23297,7.72442,0.00196907,0.00454314,0.0944275,0.00464211,0.00400328,8.18976e-05,0.00400328,0.0935113,-0.00822565,8.18976e-05,-0.00822565,0.00278627,0.173292,-0.983874,0.0442838,-0.0956568,0.0279373,0.995022,-0.980214,-0.176666,-0.0892729,0
N770.N782.P119,-7.70288,-7.82446,1.19638,0.00189526,0.00468208,2.55025,0.0043846,-0.000992726,0.0147473,-0.000992726,0.00229116,-0.00574729,0.0147473,-0.00574729,2.55015,0.370681,-0.928742,0.00579341,0.92876,0.370674,-0.00225785,-5.0503e-05,0.00621764,0.999981,-7.65575,-7.84691,1.03881,0.00153635,0.00351907,2.34745,0.00315186,-0.000766891,0.00184143,-0.000766891,0.001919,0.00573001,0.00184143,0.00573001,2.34744,0.431201,-0.902255,0.000784692,0.902252,0.431202,0.00244268,-0.00254228,-0.000345297,0.999997,0,0,0,0,0,0,1,0,0,0,1,0,0,0,1,1,0,0,0,1,0,0,0,1,-7.68935,-7.9346,1.48114,0.00340201,0.00517524,3.69949,0.00369861,0.000659637,-0.000526137,0.000659637,0.00493773,0.014766,-0.000526137,0.014766,3.69943,-0.912564,-0.408934,0.000141647,0.40893,-0.912557,-0.00399662,-0.00176361,0.00358925,-0.999992,0
N771.N786.P258,0,0,0,0,0,0,1,0,0,0,1,0,0,0,1,1,0,0,0,1,0,0,0,1,0,0,0,0,0,0,1,0,0,0,1,0,0,0,1,1,0,0,0,1,0,0,0,1,-7.71266,-7.86357,2.5899,0.00144239,0.00313749,2.15531,0.00291993,-0.000591927,0.00682008,-0.000591927,0.00168172,-0.000574993,0.00682008,-0.000574993,2.15528,0.375627,-0.926765,0.00316867,0.92677,0.375628,-0.000267858,-0.000942002,0.00303725,0.999995,0,0,0,0,0,0,1,0,0,0,1,0,0,0,1,1,0,0,0,1,0,0,0,1,0
N771.N787.N43,0,0,0,0,0,0,1,0,0,0,1,0,0,0,1,1,0,0,0,1,0,0,0,1,0,0,0,0,0,0,1,0,0,0,1,0,0,0,1,1,0,0,0,1,0,0,0,1,-7.7148,-7.87106,-0.439284,0.00153897,0.00344836,0.200144,0.00325266,-0.000579174,8.40974e-05,-0.000579174,0.00173471,-3.45484e-05,8.40974e-05,-3.45484e-05,0.200144,-0.320176,0.947358,0.000427642,-0.947358,-0.320176,-0.000175375,-2.92229e-05,-0.000461281,1,0,0,0,0,0,0,1,0,0,0,1,0,0,0,1,1,0,0,0,1,0,0,0,1,0
N785.P601.P26,0,0,0,0,0,0,1,0,0,0,1,0,0,0,1,1,0,0,0,1,0,0,0,1,-7.859,6.01558,0.260202,0.419931,0.74099,3.09762,0.752263,0.19228,0.0767741,0.19228,3.00895,0.42891,0.0767741,0.42891,0.49733,0.138225,-0.986665,0.0859459,0.151869,0.106868,0.982606,-0.978688,-0.122768,0.164615,0,0,0,0,0,0,1,0,0,0,1,0,0,0,1,1,0,0,0,1,0,0,0,1,0,0,0,0,0,0,1,0,0,0,1,0,0,0,1,1,0,0,0,1,0,0,0,1,0
N863.P3429.N48,-8.63398,34.2929,-0.481369,0.000862587,0.0123412,0.356494,0.356452,-0.00147352,-0.0035093,-0.00147352,0.000869919,0.000133166,-0.0035093,0.000133166,0.0123758,-0.00404163,-0.0102411,0.999939,-0.999938,-0.0102919,-0.00414703,0.0103337,-0.999895,-0.0101989,-8.6713,34.2648,-0.329139,0.00051572,0.0211835,0.325002,0.324981,-0.000727799,-0.00241733,-0.000727799,0.000635033,-0.00154973,-0.00241733,-0.00154973,0.021085,-0.00279882,-0.00775327,0.999966,-0.997145,0.0754752,-0.00220573,-0.0754555,-0.997118,-0.00794238,-8.70048,34.2281,-0.285758,0.000578756,0.023217,0.331161,0.331031,0.000134521,-0.00633741,0.000134521,0.000869888,-0.00255352,-0.00633741,-0.00255352,0.0230563,-0.00176975,-0.0205009,0.999788,-0.993551,0.113382,0.000566218,-0.11337,-0.99334,-0.0205693,-8.78824,34.1417,-0.314437,0.00178146,0.0266255,0.33226,0.332174,0.00340651,-0.00387068,0.00340651,0.00517415,-0.00853472,-0.00387068,-0.00853472,0.0233191,0.00528229,-0.0158767,0.99986,-0.92998,0.367454,0.0107479,-0.367573,-0.929906,-0.012824,1
N866.P3427.N100,0,0,0,0,0,0,1,0,0,0,1,0,0,0,1,1,0,0,0,1,0,0,0,1,-8.66694,34.2719,-1.00033,0.000291532,0.00408489,0.327024,0.327009,0.00205114,0.000907247,0.00205114,0.000328071,0.000304355,0.000907247,0.000304355,0.00406379,-0.00603899,0.00330221,0.999976,0.996858,-0.0789577,0.0062809,-0.0789766,-0.996872,0.00281501,-8.63361,34.2401,-1.00048,0.000526441,0.000971317,0.362699,0.362671,0.00266252,0.00165579,0.00266252,0.000583248,0.000135372,0.00165579,0.000135372,0.000941675,-0.00571498,-0.00651118,0.999962,0.957227,0.289243,0.00735412,-0.28928,0.957234,0.00457966,-8.77988,34.1047,-0.964859,0.000270836,0.00067829,0.323184,0.32317,0.00177417,0.00119041,0.00177417,0.000530425,0.000204991,0.00119041,0.000204991,0.000432855,-0.000530659,-0.00660357,0.999978,0.621973,0.78302,0.0055009,-0.783039,0.621962,0.00369172,0
N879.P1703.N40,-8.79027,17.0305,-0.401956,0.00196724,0.0239107,0.134479,0.0238758,-0.000994804,0.00121234,-0.000994804,0.00208237,0.00298795,0.00121234,0.00298795,0.134399,0.0466163,-0.998855,0.0107555,0.998649,0.0468487,0.0224803,-0.0229584,0.00969304,0.999689,0,0,0,0,0,0,1,0,0,0,1,0,0,0,1,1,0,0,0,1,0,0,0,1,0,0,0,0,0,0,1,0,0,0,1,0,0,0,1,1,0,0,0,1,0,0,0,1,0,0,0,0,0,0,1,0,0,0,1,0,0,0,1,1,0,0,0,1,0,0,0,1,0
N887.P607.P29,0,0,0,0,0,0,1,0,0,0,1,0,0,0,1,1,0,0,0,1,0,0,0,1,0,0,0,0,0,0,1,0,0,0,1,0,0,0,1,1,0,0,0,1,0,0,0,1,-8.87961,6.07515,0.293745,0.155896,0.62728,1.01621,0.63893,0.0665588,0.00226691,0.0665588,1.00334,-0.031536,0.00226691,-0.031536,0.157117,0.0099206,-0.984799,-0.173416,-0.0379637,0.172929,-0.984202,-0.99923,-0.0163474,0.0356711,0,0,0,0,0,0,1,0,0,0,1,0,0,0,1,1,0,0,0,1,0,0,0,1,0
N91.P921.P222,-0.919429,9.21912,2.22967,0.0018352,0.00354315,1.70685,0.00347526,0.000329355,-0.00266963,0.000329355,0.00195419,0.00894415,-0.00266963,0.00894415,1.7068,0.205414,-0.978674,0.00156622,-0.97866,-0.205419,-0.00524577,0.00545563,-0.000455242,-0.999985,0,0,0,0,0,0,1,0,0,0,1,0,0,0,1,1,0,0,0,1,0,0,0,1,0,0,0,0,0,0,1,0,0,0,1,0,0,0,1,1,0,0,0,1,0,0,0,1,0,0,0,0,0,0,1,0,0,0,1,0,0,0,1,1,0,0,0,1,0,0,0,1,0
N918.P697.N44,0,0,0,0,0,0,1,0,0,0,1,0,0,0,1,1,0,0,0,1,0,0,0,1,0,0,0,0,0,0,1,0,0,0,1,0,0,0,1,1,0,0,0,1,0,0,0,1,0,0,0,0,0,0,1,0,0,0,1,0,0,0,1,1,0,0,0,1,0,0,0,1,-9.18433,6.97838,-0.447968,0.204019,0.24316,0.704835,0.700398,0.000709377,-0.0469195,0.000709377,0.242935,0.00290412,-0.0469195,0.00290412,0.20868,-0.0939407,-0.00620476,0.995558,0.0757905,-0.997123,0.000937064,-0.992689,-0.0755419,-0.0941407,0
N92.P919.N44,-0.925382,9.19969,-0.445432,0.00111324,0.00337594,0.207894,0.00335436,-0.000232513,-0.000599929,-0.000232513,0.00114504,0.00132173,-0.000599929,0.00132173,0.207884,-0.101586,-0.994822,0.00294026,-0.994808,0.101566,-0.00639605,0.0060643,-0.00357475,-0.999975,0,0,0,0,0,0,1,0,0,0,1,0,0,0,1,1,0,0,0,1,0,0,0,1,0,0,0,0,0,0,1,0,0,0,1,0,0,0,1,1,0,0,0,1,0,0,0,1,0,0,0,0,0,0,1,0,0,0,1,0,0,0,1,1,0,0,0,1,0,0,0,1,0
N95.P915.P131,0,0,0,0,0,0,1,0,0,0,1,0,0,0,1,1,0,0,0,1,0,0,0,1,0,0,0,0,0,0,1,0,0,0,1,0,0,0,1,1,0,0,0,1,0,0,0,1,0,0,0,0,0,0,1,0,0,0,1,0,0,0,1,1,0,0,0,1,0,0,0,1,-0.958137,9.15442,1.31853,0.00298949,0.0064446,2.12613,0.00437095,0.00169633,0.000347197,0.00169633,0.00530653,0.0227168,0.000347197,0.0227168,2.12589,-0.774719,-0.632306,-0.00017219,0.632271,-0.774673,-0.0107108,-0.00663913,0.00840674,-0.999943,0
N96.P918.P75,0,0,0,0,0,0,1,0,0,0,1,0,0,0,1,1,0,0,0,1,0,0,0,1,0,0,0,0,0,0,1,0,0,0,1,0,0,0,1,1,0,0,0,1,0,0,0,1,-0.960309,9.18944,0.751678,0.00265907,0.00524288,1.7121,0.00515183,-0.000582022,0.0102275,-0.000582022,0.00282291,0.0044381,0.0102275,0.0044381,1.71202,0.242791,-0.97006,0.00599066,0.970071,0.242809,0.00259439,-0.0039713,0.00518147,0.999979,0,0,0,0,0,0,1,0,0,0,1,0,0,0,1,1,0,0,0,1,0,0,0,1,0
P1041.N830.P116,10.4163,-8.30692,1.16136,0.0017829,0.00568156,2.10676,0.00579117,0.000442079,-0.0183148,0.000442079,0.00183301,-0.000367313,-0.0183148,-0.000367313,2.1066,0.113294,-0.993523,0.00871699,-0.993561,-0.113297,0.000176326,0.000812422,-0.00868084,-0.999962,10.4523,-8.29204,1.03701,0.00160555,0.00503016,1.97285,0.00457679,0.00130575,-0.0166211,0.00130575,0.0021999,-0.00109606,-0.0166211,-0.00109606,1.97271,0.416367,-0.909157,0.00844455,-0.909191,-0.416378,0.000561764,0.00300539,-0.00791161,-0.999964,10.41,-8.34602,1.09659,0.00186942,0.00337243,2.50658,0.00338328,-0.000372534,-0.0170222,-0.000372534,0.00197526,-0.00153528,-0.0170222,-0.00153528,2.50646,-0.264176,-0.964451,0.00679992,-0.964472,0.264186,0.000611957,-0.00238664,-0.00639666,-0.999977,10.4238,-8.32751,1.23046,0.00237444,0.00419466,2.72601,0.00362364,0.000928625,-0.015269,0.000928625,0.00306581,-0.00971672,-0.015269,-0.00971672,2.72589,0.60064,-0.7995,0.00560976,-0.79952,-0.600629,0.00357029,0.000514935,-0.00662957,-0.999978,1
P1080.P942.P512,0,0,0,0,0,0,1,0,0,0,1,0,0,0,1,1,0,0,0,1,0,0,0,1,0,0,0,0,0,0,1,0,0,0,1,0,0,0,1,1,0,0,0,1,0,0,0,1,10.8095,9.42219,5.12554,0.000474327,0.00325278,0.238949,0.00144533,-0.00137018,0.00893225,-0.00137018,0.00274263,-0.00538039,0.00893225,-0.00538039,0.238489,-0.878136,-0.476923,0.0377047,-0.477898,0.878115,-0.0229748,0.0221518,0.038194,0.999025,0,0,0,0,0,0,1,0,0,0,1,0,0,0,1,1,0,0,0,1,0,0,0,1,0
P1085.P935.P91,0,0,0,0,0,0,1,0,0,0,1,0,0,0,1,1,0,0,0,1,0,0,0,1,0,0,0,0,0,0,1,0,0,0,1,0,0,0,1,1,0,0,0,1,0,0,0,1,10.8529,9.35381,0.917613,0.002307,0.00417246,1.92128,0.00420005,-0.000137261,-0.00777096,-0.000137261,0.00239667,0.012828,-0.00777096,0.012828,1.92116,-0.0457779,-0.998943,0.00405389,-0.998931,0.0457502,-0.0066852,0.00649267,-0.00435559,-0.999969,10.8348,9.3849,1.11869,0.00297965,0.00579394,1.83189,0.00480841,0.00135845,-0.0109584,0.00135845,0.00403103,0.000494756,-0.0109584,0.000494756,1.83183,0.611168,-0.791478,0.00599744,-0.791491,-0.611181,-0.000266213,0.00387622,-0.00458422,-0.999982,0
P1087.P938.P139,10.8729,9.38816,1.39987,0.00153095,0.00353542,2.29592,0.00372812,-0.000247161,-0.0213404,-0.000247161,0.00163239,0.0147969,-0.0213404,0.0147969,2.29563,-0.0547117,-0.998459,0.00931013,-0.998485,0.054653,-0.00645003,0.00593127,-0.00964891,-0.999936,10.8744,9.41568,1.36687,0.00252308,0.00326753,2.15901,0.00328903,-0.000192209,-0.0122493,-0.000192209,0.0025724,0.00161586,-0.0122493,0.00161586,2.15894,-0.254203,-0.967134,0.0056822,-0.967151,0.254203,-0.000749811,-0.000719262,-0.00568615,-0.999984,0,0,0,0,0,0,1,0,0,0,1,0,0,0,1,1,0,0,0,1,0,0,0,1,0,0,0,0,0,0,1,0,0,0,1,0,0,0,1,1,0,0,0,1,0,0,0,1,0
P1248.N714.N81,12.4801,-7.1426,-0.816621,0.00467873,0.0111711,0.0509791,0.0107526,0.00173168,-0.000896635,0.00173168,0.00550614,-0.00416327,-0.000896635,-0.00416327,0.0505702,0.262022,-0.964707,0.0261533,-0.961562,-0.25867,0.0921298,-0.0821133,-0.049288,-0.995403,12.5115,-7.12653,-0.758667,0.00417549,0.00999018,0.0619095,0.00920717,0.00196451,0.000822475,0.00196451,0.00506249,-0.00230555,0.000822475,-0.00230555,0.0618055,-0.369371,0.929175,-0.0140997,0.928314,0.369637,0.0400333,0.0424097,0.00169819,-0.999099,12.4665,-7.1845,-0.743568,0.00400469,0.00735799,0.0590043,0.00737016,-0.000311294,0.00130903,-0.000311294,0.00408646,-0.0018187,0.00130903,-0.0018187,0.0589104,0.0800607,-0.996463,0.0255301,0.996305,0.0791965,-0.0332324,0.031093,0.0280964,0.999122,12.4764,-7.15582,-0.748443,0.00491905,0.00932477,0.0554806,0.00873228,0.0016571,0.00262768,0.0016571,0.00566024,0.000129927,0.00262768,0.000129927,0.0553319,-0.409466,-0.910588,0.0562782,0.912127,-0.409882,0.00447565,0.018992,0.0531655,0.998405,1
P1283.P397.N30,12.8398,3.97964,-0.302075,0.0163936,0.0223642,0.206351,0.0203755,-0.00274864,-0.000973141,-0.00274864,0.0194912,-0.0143745,-0.000973141,-0.0143745,0.205242,-0.577575,0.816327,-0.0040845,-0.813752,-0.576137,-0.0766394,-0.064916,-0.0409413,0.997051,0,0,0,0,0,0,1,0,0,0,1,0,0,0,1,1,0,0,0,1,0,0,0,1,0,0,0,0,0,0,1,0,0,0,1,0,0,0,1,1,0,0,0,1,0,0,0,1,0,0,0,0,0,0,1,0,0,0,1,0,0,0,1,1,0,0,0,1,0,0,0,1,0
P1314.P641.N48,0,0,0,0,0,0,1,0,0,0,1,0,0,0,1,1,0,0,0,1,0,0,0,1,13.1419,6.41936,-0.480462,0.121343,0.499809,1.43105,0.501182,-0.0441126,0.0126534,-0.0441126,1.42354,0.0846491,0.0126534,0.0846491,0.127483,-0.0408989,-0.998085,0.0464154,-0.0661933,-0.0436457,-0.996852,0.996968,-0.0438425,-0.0642814,0,0,0,0,0,0,1,0,0,0,1,0,0,0,1,1,0,0,0,1,0,0,0,1,0,0,0,0,0,0,1,0,0,0,1,0,0,0,1,1,0,0,0,1,0,0,0,1,0
P133.P1454.P47,0,0,0,0,0,0,1,0,0,0,1,0,0,0,1,1,0,0,0,1,0,0,0,1,1.33224,14.5485,0.478648,0.00138488,0.00391449,0.00592466,0.00571582,-0.000585057,0.000196543,-0.000585057,0.0040285,-0.000495929,0.000196543,-0.000495929,0.00147971,-0.0203153,-0.32087,0.946905,0.179996,-0.932799,-0.312229,0.983458,0.164096,0.0767053,0,0,0,0,0,0,1,0,0,0,1,0,0,0,1,1,0,0,0,1,0,0,0,1,0,0,0,0,0,0,1,0,0,0,1,0,0,0,1,1,0,0,0,1,0,0,0,1,0
P134.P1448.N33,0,0,0,0,0,0,1,0,0,0,1,0,0,0,1,1,0,0,0,1,0,0,0,1,1.34006,14.4808,-0.335257,0.00335531,0.0266629,0.163212,0.0267505,-0.000284571,0.00354293,-0.000284571,0.00337226,0.00142217,0.00354293,0.00142217,0.163108,0.0135556,-0.999572,0.0259345,0.999866,0.0137891,0.00884794,-0.00920176,0.0258111,0.999624,0,0,0,0,0,0,1,0,0,0,1,0,0,0,1,1,0,0,0,1,0,0,0,1,0,0,0,0,0,0,1,0,0,0,1,0,0,0,1,1,0,0,0,1,0,0,0,1,0
P1373.P689.N45,0,0,0,0,0,0,1,0,0,0,1,0,0,0,1,1,0,0,0,1,0,0,0,1,0,0,0,0,0,0,1,0,0,0,1,0,0,0,1,1,0,0,0,1,0,0,0,1,0,0,0,0,0,0,1,0,0,0,1,0,0,0,1,1,0,0,0,1,0,0,0,1,13.7385,6.89007,-0.459174,0.127226,0.435825,1.74815,0.445336,-0.127903,0.0209014,-0.127903,1.72931,0.102676,0.0209014,0.102676,0.136557,-0.0938496,-0.990896,0.0965302,-0.0711356,-0.0900363,-0.993395,0.993042,-0.100096,-0.0620381,0
P1376.N1173.P917,0,0,0,0,0,0,1,0,0,0,1,0,0,0,1,1,0,0,0,1,0,0,0,1,0,0,0,0,0,0,1,0,0,0,1,0,0,0,1,1,0,0,0,1,0,0,0,1,13.7656,-11.7308,9.17043,0.0102588,0.0168175,2.76207,0.0109734,-0.00518658,0.00296151,-0.00518658,2.68144,-0.46355,0.00296151,-0.46355,0.0967344,0.944881,-0.327408,0.00204185,-0.0542,-0.162562,-0.985209,-0.322897,-0.930794,0.171348,0,0,0,0,0,0,1,0,0,0,1,0,0,0,1,1,0,0,0,1,0,0,0,1,0
P1403.P633.N48,14.0335,6.33679,-0.488198,0.115498,0.481674,1.57339,0.483306,-0.0487425,0.00930806,-0.0487425,1.56227,0.114209,0.00930806,0.114209,0.124986,-0.0357908,-0.998396,0.043866,-0.0798434,-0.0408971,-0.995968,0.996165,-0.0391489,-0.0782516,0,0,0,0,0,0,1,0,0,0,1,0,0,0,1,1,0,0,0,1,0,0,0,1,0,0,0,0,0,0,1,0,0,0,1,0,0,0,1,1,0,0,0,1,0,0,0,1,0,0,0,0,0,0,1,0,0,0,1,0,0,0,1,1,0,0,0,1,0,0,0,1,0
P1485.N213.N25,14.8582,-2.1381,-0.259233,0.0050422,0.0216249,0.21509,0.0212011,0.0027789,-0.00213643,0.0027789,0.00580776,-0.00812913,-0.00213643,-0.00812913,0.214748,-0.164679,0.986279,0.0115682,0.98567,0.164121,0.0389645,0.0365313,0.0178191,-0.999174,0,0,0,0,0,0,1,0,0,0,1,0,0,0,1,1,0,0,0,1,0,0,0,1,0,0,0,0,0,0,1,0,0,0,1,0,0,0,1,1,0,0,0,1,0,0,0,1,14.8503,-2.13528,-0.230708,0.00538164,0.0227041,0.245886,0.0220351,0.00333485,0.000170483,0.00333485,0.00619875,-0.00595632,0.000170483,-0.00595632,0.245738,-0.196534,0.980497,-0.000391338,0.980193,0.196482,0.0248373,0.0244298,0.00449777,-0.999691,0
P1546.P988.N126,0,0,0,0,0,0,1,0,0,0,1,0,0,0,1,1,0,0,0,1,0,0,0,1,15.4682,9.88638,-1.26354,3.42198e-05,0.0608118,0.086897,0.073242,0.0130284,-0.000145541,0.0130284,0.0744664,7.13446e-05,-0.000145541,7.13446e-05,3.46403e-05,-0.00222804,-0.723506,0.690314,0.0013485,0.690313,0.723509,-0.999997,0.0025429,-0.000562392,0,0,0,0,0,0,1,0,0,0,1,0,0,0,1,1,0,0,0,1,0,0,0,1,0,0,0,0,0,0,1,0,0,0,1,0,0,0,1,1,0,0,0,1,0,0,0,1,0
P1653.P2953.N21,0,0,0,0,0,0,1,0,0,0,1,0,0,0,1,1,0,0,0,1,0,0,0,1,16.5334,29.5327,-0.218438,0.00808526,0.0516064,0.392248,0.249286,-0.167705,0.0143073,-0.167705,0.193716,-0.00944027,0.0143073,-0.00944027,0.00893765,-0.0642933,-0.644222,0.762131,-0.00733634,-0.763386,-0.645901,0.997904,-0.0471183,0.0443543,0,0,0,0,0,0,1,0,0,0,1,0,0,0,1,1,0,0,0,1,0,0,0,1,16.5834,29.6983,-0.203105,0.00981344,0.372958,0.62801,0.374373,0.0241308,-0.0233081,0.0241308,0.621317,-0.0496067,-0.0233081,-0.0496067,0.0150913,-0.058437,-0.993063,-0.102033,-0.0784276,0.106458,-0.991219,-0.995206,0.0499217,0.0841047,0
P1664.N202.N26,0,0,0,0,0,0,1,0,0,0,1,0,0,0,1,1,0,0,0,1,0,0,0,1,16.6402,-2.02607,-0.264687,0.0195791,0.0201671,0.210164,0.019637,-3.81055e-05,-0.00191656,-3.81055e-05,0.0207302,-0.0106764,-0.00191656,-0.0106764,0.209544,0.96644,-0.256695,0.0100315,0.255756,0.965103,0.0562652,0.0241245,0.0518114,-0.998365,0,0,0,0,0,0,1,0,0,0,1,0,0,0,1,1,0,0,0,1,0,0,0,1,0,0,0,0,0,0,1,0,0,0,1,0,0,0,1,1,0,0,0,1,0,0,0,1,0
P1684.P2970.N28,0,0,0,0,0,0,1,0,0,0,1,0,0,0,1,1,0,0,0,1,0,0,0,1,0,0,0,0,0,0,1,0,0,0,1,0,0,0,1,1,0,0,0,1,0,0,0,1,16.8493,29.7082,-0.283278,0.00365686,0.561225,0.683111,0.680216,0.0161869,-0.0188066,0.0161869,0.562602,-0.0240282,-0.0188066,-0.0240282,0.00517493,0.026754,-0.14059,-0.989706,0.0421601,0.989339,-0.139398,0.998753,-0.0379966,0.0323961,0,0,0,0,0,0,1,0,0,0,1,0,0,0,1,1,0,0,0,1,0,0,0,1,0
P1690.P924.P126,16.9025,9.24966,1.26367,0.00133579,0.00350935,2.51373,0.00377772,-0.000704907,-0.0320309,-0.000704907,0.00154739,0.0133647,-0.0320309,0.0133647,2.51325,-0.254208,-0.967065,0.0127618,-0.967148,0.254159,-0.00532302,0.00190417,-0.0136957,-0.999904,16.9033,9.27648,1.09408,0.00239867,0.0033873,1.89582,0.0027089,-0.000413811,-0.0140756,-0.000413811,0.00318324,0.00169245,-0.0140756,0.00169245,1.89571,-0.889957,0.455984,0.00743519,-0.456002,-0.889978,-0.000895829,-0.00620867,0.00418771,-0.999972,16.8762,9.21143,1.06077,0.00192131,0.00419013,2.62783,0.00398494,-0.000849227,-0.0119966,-0.000849227,0.0024726,0.0276481,-0.0119966,0.0276481,2.62749,-0.338593,-0.940922,0.00457524,-0.940896,0.338533,-0.010532,0.00836089,-0.00787087,-0.999934,16.8388,9.26627,1.38271,0.00366531,0.00818785,2.75773,0.00375161,-0.000249956,-0.0114633,-0.000249956,0.00872718,-0.0398591,-0.0114633,-0.0398591,2.7571,0.995713,-0.0924057,0.00416068,0.0923367,0.995622,0.0144974,0.00548211,0.0140511,-0.999886,1
P1695.P2967.P79,0,0,0,0,0,0,1,0,0,0,1,0,0,0,1,1,0,0,0,1,0,0,0,1,16.9546,29.6776,0.791241,0.0100659,0.0363409,0.215534,0.129351,-0.0894893,-0.00580455,-0.0894893,0.122206,0.00308763,-0.00580455,0.00308763,0.010384,0.0695861,-0.689492,0.720942,0.0280745,-0.721054,-0.692309,0.997181,0.0684152,-0.0308182,16.8414,29.7657,0.796241,0.00500428,0.0532362,0.278158,0.13017,-0.106721,-0.000643414,-0.106721,0.201194,-0.00111972,-0.000643414,-0.00111972,0.00503404,0.0186571,-0.810882,0.584913,0.0158545,-0.584701,-0.811094,0.9997,0.0244062,0.0019473,0,0,0,0,0,0,1,0,0,0,1,0,0,0,1,1,0,0,0,1,0,0,0,1,0
P1696.P2989.P145,0,0,0,0,0,0,1,0,0,0,1,0,0,0,1,1,0,0,0,1,0,0,0,1,0,0,0,0,0,0,1,0,0,0,1,0,0,0,1,1,0,0,0,1,0,0,0,1,0,0,0,0,0,0,1,0,0,0,1,0,0,0,1,1,0,0,0,1,0,0,0,1,16.9638,29.8919,1.45904,0.0515704,0.183057,0.640399,0.159859,-0.037469,0.138336,-0.037469,0.133398,0.108153,0.138336,0.108153,0.581769,0.639754,-0.723718,0.258741,0.703135,0.687053,0.183193,-0.310349,0.0647314,0.948416,0
P1716.P2522.N15,0,0,0,0,0,0,1,0,0,0,1,0,0,0,1,1,0,0,0,1,0,0,0,1,17.1626,25.2296,-0.150235,0.0102686,0.0862592,0.576776,0.472846,-0.200306,0.00753301,-0.200306,0.189831,-0.00794051,0.00753301,-0.00794051,0.0106271,0.00553307,-0.460264,0.887765,0.0503371,-0.886525,-0.459935,0.998717,0.0472323,0.0182631,17.1458,25.2759,-0.203805,0.00557175,0.16435,0.683392,0.558122,-0.221998,0.00673143,-0.221998,0.289297,-0.00954615,0.00673143,-0.00954615,0.00589438,0.00194639,-0.491267,0.871007,0.0351478,-0.870437,-0.491024,0.99938,0.0315697,0.0155728,17.1469,25.2287,-0.133015,0.0181178,0.111799,0.649378,0.519666,-0.230007,-0.00584811,-0.230007,0.241366,-0.000326315,-0.00584811,-0.000326315,0.0182628,0.0233603,-0.490559,0.871095,0.0255283,-0.870756,-0.491052,0.999401,0.0337087,-0.00781795,0
P1726.P3001.P218,0,0,0,0,0,0,1,0,0,0,1,0,0,0,1,1,0,0,0,1,0,0,0,1,17.2689,30.0178,2.1824,0.0116065,0.0634503,0.262143,0.0558521,-0.0142913,0.0206341,-0.0142913,0.039493,0.0649873,0.0206341,0.0649873,0.241855,0.411316,-0.908249,0.0768272,0.86692,0.415845,0.274814,-0.281548,-0.0464326,0.958423,17.2479,30.0198,2.18868,0.0186142,0.0859807,0.321257,0.0792201,-0.0164954,0.028584,-0.0164954,0.0457339,0.070214,0.028584,0.070214,0.300897,0.365622,-0.925623,0.0976814,0.893896,0.378445,0.24027,-0.259367,-0.00053108,0.965779,0,0,0,0,0,0,1,0,0,0,1,0,0,0,1,1,0,0,0,1,0,0,0,1,0
P1732.P2550.P73,0,0,0,0,0,0,1,0,0,0,1,0,0,0,1,1,0,0,0,1,0,0,0,1,17.3284,25.5022,0.734969,0.00905566,0.0714063,0.263273,0.194952,-0.0918071,-0.00355232,-0.0918071,0.139593,0.00412017,-0.00355232,0.00412017,0.00918924,0.00539314,-0.596696,0.80245,-0.0277575,-0.802241,-0.596354,0.9996,-0.0190578,-0.0208894,17.2474,25.5792,0.741328,0.00620354,0.0926593,0.354906,0.234458,-0.130555,-0.00784765,-0.130555,0.212829,0.00551248,-0.00784765,0.00551248,0.00648129,0.0299287,-0.67683,0.73553,-0.00775555,-0.735995,-0.676942,0.999522,0.0145556,-0.0272766,0,0,0,0,0,0,1,0,0,0,1,0,0,0,1,1,0,0,0,1,0,0,0,1,0
P1735.P2566.P140,0,0,0,0,0,0,1,0,0,0,1,0,0,0,1,1,0,0,0,1,0,0,0,1,0,0,0,0,0,0,1,0,0,0,1,0,0,0,1,1,0,0,0,1,0,0,0,1,0,0,0,0,0,0,1,0,0,0,1,0,0,0,1,1,0,0,0,1,0,0,0,1,17.3535,25.6688,1.40098,0.061348,0.217272,0.630744,0.199739,-0.0425821,0.101187,-0.0425821,0.129245,0.125026,0.101187,0.125026,0.580381,0.469965,-0.859213,0.202201,0.832899,0.507511,0.220706,-0.292252,0.0646891,0.954151,0
P1756.P1732.N4,0,0,0,0,0,0,1,0,0,0,1,0,0,0,1,1,0,0,0,1,0,0,0,1,17.5661,17.3269,-0.0441321,0.0207963,0.0604453,0.409112,0.23592,-0.174326,0.0230054,-0.174326,0.230468,-0.0116772,0.0230054,-0.0116772,0.0239657,-0.185218,-0.677141,0.712162,-0.0995471,-0.708044,-0.699116,0.977642,-0.200383,0.063735,17.6,17.475,-0.13133,0.0177629,0.252137,0.636952,0.338159,-0.161393,-0.00149522,-0.161393,0.547423,-0.0388588,-0.00149522,-0.0388588,0.0212695,0.0489213,-0.878981,0.47434,0.0879003,-0.469277,-0.878665,0.994927,0.08468,0.054305,17.5979,17.3811,-0.0670832,0.0279138,0.164511,0.615879,0.414626,-0.2244,0.0033901,-0.2244,0.365663,0.00188729,0.0033901,0.00188729,0.0280151,-0.0195367,-0.667365,0.744475,-0.018566,-0.744246,-0.667647,0.999637,-0.0268656,0.00214982,0
P1758.P2578.P202,0,0,0,0,0,0,1,0,0,0,1,0,0,0,1,1,0,0,0,1,0,0,0,1,17.5861,25.7892,2.02822,0.0190167,0.0963741,0.302862,0.0856083,-0.0240916,0.0156951,-0.0240916,0.0466157,0.0648354,0.0156951,0.0648354,0.286029,0.379699,0.924097,0.0432893,0.893622,-0.378478,0.241233,-0.239307,0.0529116,0.969501,17.5704,25.7786,2.0518,0.0264053,0.11061,0.31641,0.100371,-0.0250732,0.0150574,-0.0250732,0.0528371,0.0645745,0.0150574,0.0645745,0.300218,0.35442,0.934207,0.0405292,0.905578,-0.353716,0.234125,-0.233057,0.0462762,0.971361,0,0,0,0,0,0,1,0,0,0,1,0,0,0,1,1,0,0,0,1,0,0,0,1,0
P1764.P2614.N82,0,0,0,0,0,0,1,0,0,0,1,0,0,0,1,1,0,0,0,1,0,0,0,1,0,0,0,0,0,0,1,0,0,0,1,0,0,0,1,1,0,0,0,1,0,0,0,1,0,0,0,0,0,0,1,0,0,0,1,0,0,0,1,1,0,0,0,1,0,0,0,1,17.6487,26.144,-0.827357,0.00176094,0.00742411,0.149826,0.00787692,-0.000489191,0.00855704,-0.000489191,0.0018443,0.00176431,0.00855704,0.00176431,0.14929,0.104665,-0.992688,0.0601287,0.994345,0.105548,0.0117013,-0.0179622,0.058564,0.998122,0
P1798.P1768.P141,0,0,0,0,0,0,1,0,0,0,1,0,0,0,1,1,0,0,0,1,0,0,0,1,17.9848,17.6812,1.41653,0.0403364,0.19286,0.69202,0.135551,-0.0538491,0.109228,-0.0538491,0.142989,0.124584,0.109228,0.124584,0.646676,0.6856,-0.70791,0.169755,0.678817,0.705915,0.202216,-0.262983,-0.0234064,0.964517,17.9675,17.6857,1.44298,0.0492638,0.225165,0.679604,0.158038,-0.0652094,0.119778,-0.0652094,0.161869,0.110674,0.119778,0.110674,0.634124,0.695347,-0.690691,0.198594,0.666614,0.72312,0.180895,-0.268549,0.00660091,0.963243,17.8868,17.7093,1.39428,0.0519689,0.223127,0.618774,0.176636,-0.0610944,0.119342,-0.0610944,0.147142,0.103831,0.119342,0.103831,0.570092,0.630212,-0.740624,0.233045,0.72042,0.66972,0.180195,-0.289531,0.0543293,0.955625,0
P1806.P1298.P77,0,0,0,0,0,0,1,0,0,0,1,0,0,0,1,1,0,0,0,1,0,0,0,1,0,0,0,0,0,0,1,0,0,0,1,0,0,0,1,1,0,0,0,1,0,0,0,1,0,0,0,0,0,0,1,0,0,0,1,0,0,0,1,1,0,0,0,1,0,0,0,1,18.0643,12.9884,0.770525,0.140753,0.463881,0.739328,0.32831,-0.139169,0.0990728,-0.139169,0.322807,0.12492,0.0990728,0.12492,0.692845,0.662554,0.733649,0.150937,0.696146,-0.677521,0.237371,-0.27641,0.0521969,0.959621,0
P1808.P1961.N53,0,0,0,0,0,0,1,0,0,0,1,0,0,0,1,1,0,0,0,1,0,0,0,1,0,0,0,0,0,0,1,0,0,0,1,0,0,0,1,1,0,0,0,1,0,0,0,1,0,0,0,0,0,0,1,0,0,0,1,0,0,0,1,1,0,0,0,1,0,0,0,1,18.083,19.6148,-0.539179,0.000687565,0.00562034,0.0686711,0.0662731,0.0095745,-0.00733886,0.0095745,0.00487133,-0.00361691,-0.00733886,-0.00361691,0.00383459,0.0158601,-0.194324,0.980809,-0.674441,0.722095,0.153972,-0.738158,-0.66394,-0.119607,0
P1812.P241.N53,18.1297,2.41044,-0.53875,0.00187612,0.00786388,0.0613696,0.00196933,-0.000360671,-0.00206655,-0.000360671,0.00784285,0.000111135,-0.00206655,0.000111135,0.0612974,0.99762,-0.0595429,0.0347831,0.0596591,0.998216,-0.00230936,0.0345835,-0.00437899,-0.999392,18.1416,2.43572,-0.518312,0.00202686,0.00855303,0.064835,0.00215383,0.000657543,-0.00217834,0.000657543,0.00860062,-0.00233476,-0.00217834,-0.00233476,0.0646604,0.995587,0.0870136,0.03514,-0.0884574,0.9952,0.0418672,0.0313283,0.0447909,-0.998505,18.1172,2.36648,-0.580053,0.00173899,0.0078104,0.0763646,0.00177474,0.000102127,-0.00159141,0.000102127,0.00780878,0.000114864,-0.00159141,0.000114864,0.0763304,-0.999624,-0.0172544,0.0213283,0.0172232,-0.99985,-0.00164332,-0.0213535,0.00127536,-0.999771,18.1069,2.44352,-0.534874,0.00329353,0.0108849,0.0651764,0.00335223,0.000502899,-0.00112958,0.000502899,0.0109081,0.00183191,-0.00112958,0.00183191,0.0650945,0.997287,0.0713859,0.0179846,-0.0707549,0.996929,-0.0335654,0.0203255,-0.0322019,-0.999275,1
P1813.P1265.N3,0,0,0,0,0,0,1,0,0,0,1,0,0,0,1,1,0,0,0,1,0,0,0,1,18.1331,12.657,-0.0386812,0.0325059,0.207081,0.637711,0.483098,-0.206311,-0.0108528,-0.206311,0.361131,0.013365,-0.0108528,0.013365,0.0330683,0.00766377,-0.599129,0.800616,-0.0358308,-0.800289,-0.598542,0.999328,-0.0240996,-0.0276005,18.1582,12.5648,-0.076024,0.0321423,0.216103,0.701736,0.519221,-0.235137,-0.00596021,-0.235137,0.398458,0.00755827,-0.00596021,0.00755827,0.0323019,0.00329737,-0.613036,0.790048,-0.018513,-0.789954,-0.612886,0.999823,-0.0126052,-0.0139539,0,0,0,0,0,0,1,0,0,0,1,0,0,0,1,1,0,0,0,1,0,0,0,1,0
P1816.P2722.N47,0,0,0,0,0,0,1,0,0,0,1,0,0,0,1,1,0,0,0,1,0,0,0,1,0,0,0,0,0,0,1,0,0,0,1,0,0,0,1,1,0,0,0,1,0,0,0,1,0,0,0,0,0,0,1,0,0,0,1,0,0,0,1,1,0,0,0,1,0,0,0,1,18.1608,27.221,-0.470029,0.00819867,0.0592318,0.750021,0.501715,-0.327748,0.0500122,-0.327748,0.301734,-0.0406843,0.0500122,-0.0406843,0.0140024,-0.0357532,-0.598398,0.800401,0.0979256,-0.799157,-0.593093,0.994551,0.0571748,0.0871708,0
P1828.P1304.P140,0,0,0,0,0,0,1,0,0,0,1,0,0,0,1,1,0,0,0,1,0,0,0,1,18.2814,13.0401,1.40361,0.0537654,0.230198,0.645297,0.191123,-0.0619428,0.0793566,-0.0619428,0.13201,0.123849,0.0793566,0.123849,0.606127,0.516864,0.844652,0.139337,0.816478,-0.535312,0.216344,-0.257324,-0.0019447,0.966323,18.3029,12.9434,1.32044,0.071361,0.264037,0.573077,0.223513,-0.0671897,0.067425,-0.0671897,0.152793,0.119575,0.067425,0.119575,0.532169,0.490171,0.86085,0.136639,0.823567,-0.508753,0.250815,-0.28543,0.0104107,0.958343,0,0,0,0,0,0,1,0,0,0,1,0,0,0,1,1,0,0,0,1,0,0,0,1,0
P1834.P1804.N98,0,0,0,0,0,0,1,0,0,0,1,0,0,0,1,1,0,0,0,1,0,0,0,1,0,0,0,0,0,0,1,0,0,0,1,0,0,0,1,1,0,0,0,1,0,0,0,1,18.3422,18.0489,-0.980876,0.00128118,0.0034794,0.0661004,0.00296305,-0.000913236,0.000449425,-0.000913236,0.00194501,0.00304853,0.000449425,0.00304853,0.0659529,-0.485871,0.874007,0.00642487,-0.872896,-0.485602,0.0473722,0.0445235,0.0174085,0.998857,18.2432,18.1021,-0.884578,0.00231238,0.00664641,0.0839176,0.00623341,-0.00124553,0.00217052,-0.00124553,0.0029698,0.00389128,0.00217052,0.00389128,0.0836732,0.329271,-0.943845,0.0271354,0.942697,0.330239,0.0475818,-0.0538711,0.00991318,0.998499,0
P1860.P1343.N89,18.6064,13.438,-0.895596,0.000753677,0.00279064,0.0389512,0.0027545,-0.00035158,-0.000894387,-0.00035158,0.000818293,0.000484557,-0.000894387,0.000484557,0.0389227,-0.169354,-0.985243,0.024825,-0.985518,0.169076,-0.012931,0.00854283,-0.0266554,-0.999608,18.5862,13.4843,-0.864762,0.0012082,0.00212022,0.0468262,0.00198824,-0.000390739,0.00166378,-0.000390739,0.00140709,-0.000469629,0.00166378,-0.000469629,0.0467593,0.46092,-0.886663,0.0371715,0.887409,0.460861,-0.0106519,-0.00768621,0.037896,0.999252,18.5609,13.3678,-0.951031,0.00149279,0.00444833,0.0570635,0.00409044,-0.000944604,0.000685155,-0.000944604,0.00196122,0.00237886,0.000685155,0.00237886,0.0569529,-0.351741,0.936018,0.0121558,-0.935041,-0.351931,0.0429203,0.0444522,0.00373064,0.999005,18.4924,13.4452,-0.893162,0.00291317,0.00552894,0.058421,0.00506735,-0.00104604,-0.00110049,-0.00104604,0.00343563,0.00142673,-0.00110049,0.00142673,0.0583602,-0.43069,-0.902253,0.0211309,-0.902381,0.430134,-0.0263346,0.0146714,-0.0304101,-0.99943,1
P1985.N452.N31,0,0,0,0,0,0,1,0,0,0,1,0,0,0,1,1,0,0,0,1,0,0,0,1,19.8526,-4.52124,-0.316681,0.0256942,0.0591223,0.1381,0.0386509,0.0162013,0.00243136,0.0162013,0.0463299,-0.00345308,0.00243136,-0.00345308,0.137936,0.783097,0.621615,-0.0188464,-0.620854,0.783177,0.0342714,-0.0360637,0.015137,-0.999235,19.8047,-4.59671,-0.333897,0.0192631,0.0544703,0.12904,0.0391684,0.0172759,0.00573136,0.0172759,0.0350347,-0.0041761,0.00573136,-0.0041761,0.128571,0.664482,0.745118,-0.0571293,-0.74462,0.666631,0.033827,-0.0632893,-0.0200622,-0.997794,19.8148,-4.54157,-0.311739,0.0183518,0.0600921,0.131864,0.0360801,0.020295,0.00630438,0.020295,0.0429399,-0.00502869,0.00630438,-0.00502869,0.131288,0.762067,0.645035,-0.0564287,-0.643572,0.764147,0.043528,-0.0711968,-0.0031447,-0.997457,0
P1989.N629.N29,0,0,0,0,0,0,1,0,0,0,1,0,0,0,1,1,0,0,0,1,0,0,0,1,19.8907,-6.29654,-0.290668,0.0177118,0.0569868,0.13243,0.0359335,0.0192268,0.0106289,0.0192268,0.0399505,-0.00325718,0.0106289,-0.00325718,0.131245,0.747011,0.656151,-0.106961,-0.658849,0.752166,0.0127781,-0.0888366,-0.0609256,-0.994181,19.8142,-6.38467,-0.295629,0.0185226,0.0496373,0.132014,0.0296685,0.0137867,0.0115284,0.0137867,0.0401279,-0.00706805,0.0115284,-0.00706805,0.130377,0.818667,0.56484,-0.103634,-0.56162,0.825158,0.0608152,-0.119865,-0.0084155,-0.992755,19.8202,-6.36071,-0.300928,0.0174541,0.0522614,0.11716,0.0303752,0.0162454,0.00898504,0.0162454,0.0403287,-0.00375331,0.00898504,-0.00375331,0.116171,0.804117,0.586376,-0.0977685,-0.58675,0.809286,0.0279257,-0.0954977,-0.0349101,-0.994817,0
P1997.P794.N35,19.9735,7.94308,-0.350308,0.0171018,0.0526997,0.120533,0.0394103,-0.0169074,0.00343396,-0.0169074,0.0322007,0.012596,0.00343396,0.012596,0.118723,-0.611261,-0.791322,0.0130063,-0.782633,0.60683,0.138718,0.117664,-0.0746141,0.990246,19.9603,7.98572,-0.298227,0.0188185,0.0451356,0.122391,0.0367986,-0.0122203,0.00105116,-0.0122203,0.0290719,0.0133525,0.00105116,0.0133525,0.120474,-0.563017,-0.826404,-0.00821768,-0.818635,0.556305,0.142692,0.11335,-0.0870654,0.989733,19.9,7.9167,-0.349468,0.0191688,0.056018,0.129383,0.0403088,-0.018008,0.00303786,-0.018008,0.0359286,0.00983668,0.00303786,0.00983668,0.128333,-0.653192,-0.757076,0.0132742,-0.752296,0.650859,0.102138,0.0859661,-0.0567298,0.994682,19.887,8.03104,-0.304113,0.0298141,0.0532791,0.123317,0.0396688,-0.0120379,-0.0032813,-0.0120379,0.0448513,0.00950877,-0.0032813,0.00950877,0.12189,0.768015,0.637858,-0.0573675,0.639265,-0.758127,0.128774,-0.0386478,0.135574,0.990013,1
P205.P921.N139,0,0,0,0,0,0,1,0,0,0,1,0,0,0,1,1,0,0,0,1,0,0,0,1,2.05085,9.21779,-1.39487,0.000155857,0.0338551,0.0594311,0.0408745,0.0114111,0.000210472,0.0114111,0.0523896,0.001075,0.000210472,0.001075,0.000177997,-0.000637513,-0.851791,0.523881,0.0207155,0.523757,0.851616,-0.999785,0.0113954,0.0173114,0,0,0,0,0,0,1,0,0,0,1,0,0,0,1,1,0,0,0,1,0,0,0,1,0,0,0,0,0,0,1,0,0,0,1,0,0,0,1,1,0,0,0,1,0,0,0,1,0
P2077.P565.N127,20.7783,5.65108,-1.27596,4.7718e-05,0.0217203,0.0360327,0.0217838,0.000952511,-6.36061e-05,0.000952511,0.0359689,-3.80387e-05,-6.36061e-05,-3.80387e-05,4.79387e-05,-0.00288323,-0.997769,-0.0667043,-0.00098249,0.0667074,-0.997772,-0.999995,0.00281127,0.00117263,0,0,0,0,0,0,1,0,0,0,1,0,0,0,1,1,0,0,0,1,0,0,0,1,0,0,0,0,0,0,1,0,0,0,1,0,0,0,1,1,0,0,0,1,0,0,0,1,0,0,0,0,0,0,1,0,0,0,1,0,0,0,1,1,0,0,0,1,0,0,0,1,0
P210.P598.N40,2.10988,5.98208,-0.402633,0.134517,0.500928,0.860789,0.506032,0.0425722,-8.34918e-05,0.0425722,0.855244,-0.017773,-8.34918e-05,-0.017773,0.134958,0.00261796,-0.992877,-0.119119,-0.0248067,0.119018,-0.992582,-0.999689,-0.00555349,0.0243184,2.25042,6.16785,-0.369052,0.125112,0.39711,1.30479,0.445135,0.20308,-0.00732714,0.20308,1.25586,-0.0318087,-0.00732714,-0.0318087,0.126016,-0.00569124,-0.973164,0.230042,-0.0270977,0.230111,0.972787,-0.999617,-0.000697241,-0.0276802,0,0,0,0,0,0,1,0,0,0,1,0,0,0,1,1,0,0,0,1,0,0,0,1,2.07382,6.42047,-0.3436,0.118662,0.517826,1.42343,0.5211,-0.0550119,-0.00341136,-0.0550119,1.41892,-0.0390973,-0.00341136,-0.0390973,0.119901,0.0126533,-0.998075,-0.0607143,0.0305878,-0.0603044,0.997711,0.999452,0.0144815,-0.0297659,0
P2223.P1235.N125,0,0,0,0,0,0,1,0,0,0,1,0,0,0,1,1,0,0,0,1,0,0,0,1,22.2319,12.357,-1.25916,3.27119e-05,0.00559702,0.7706,0.0513403,-0.181396,0.000230795,-0.181396,0.724849,-0.00156032,0.000230795,-0.00156032,4.03856e-05,0.0270074,-0.969263,0.244541,0.00891084,-0.244387,-0.969637,0.999596,0.0283664,0.00203668,0,0,0,0,0,0,1,0,0,0,1,0,0,0,1,1,0,0,0,1,0,0,0,1,0,0,0,0,0,0,1,0,0,0,1,0,0,0,1,1,0,0,0,1,0,0,0,1,0
P238.P3294.N41,0,0,0,0,0,0,1,0,0,0,1,0,0,0,1,1,0,0,0,1,0,0,0,1,0,0,0,0,0,0,1,0,0,0,1,0,0,0,1,1,0,0,0,1,0,0,0,1,0,0,0,0,0,0,1,0,0,0,1,0,0,0,1,1,0,0,0,1,0,0,0,1,2.38672,32.941,-0.418514,0.00315422,0.0375539,0.471898,0.456331,0.0798151,-0.0122333,0.0798151,0.0523797,-0.0059562,-0.0122333,-0.0059562,0.00389541,-0.00790953,-0.189137,0.981919,-0.107469,0.976423,0.187212,-0.994177,-0.104045,-0.0280494,0
P259.P3173.N103,0,0,0,0,0,0,1,0,0,0,1,0,0,0,1,1,0,0,0,1,0,0,0,1,0,0,0,0,0,0,1,0,0,0,1,0,0,0,1,1,0,0,0,1,0,0,0,1,0,0,0,0,0,0,1,0,0,0,1,0,0,0,1,1,0,0,0,1,0,0,0,1,2.59644,31.7322,-1.03611,0.00146609,0.00500467,0.0250222,0.00474638,0.0021053,-0.0024294,0.0021053,0.00365741,-0.00564018,-0.0024294,-0.00564018,0.0230891,0.43221,-0.890547,0.141843,-0.883251,-0.386348,0.265712,-0.181828,-0.240127,-0.95356,0
P263.P3110.P75,0,0,0,0,0,0,1,0,0,0,1,0,0,0,1,1,0,0,0,1,0,0,0,1,2.63887,31.1025,0.758431,0.00949285,0.0968277,0.323056,0.32257,-0.00934348,0.00567056,-0.00934348,0.0971451,0.00222644,0.00567056,0.00222644,0.00966125,-0.0189201,-0.0406322,0.998995,-0.0274035,-0.998777,-0.0411424,0.999445,-0.0281544,0.0177835,2.66344,31.1327,0.74501,0.00514524,0.150081,0.389923,0.387374,-0.0241204,0.00613219,-0.0241204,0.152533,-0.000387882,0.00613219,-0.000387882,0.00524362,-0.0160408,-0.101086,0.994748,6.25294e-06,-0.994876,-0.101099,0.999871,-0.00161549,0.0159593,2.59152,31.0518,0.730868,0.00974328,0.108537,0.378783,0.378628,0.00616189,-0.00244277,0.00616189,0.108467,0.00450351,-0.00244277,0.00450351,0.00996885,-0.00738372,-0.0223664,0.999723,0.0460286,0.998683,0.0226831,-0.998913,0.0461833,-0.0063445,0
P273.P3082.N22,0,0,0,0,0,0,1,0,0,0,1,0,0,0,1,1,0,0,0,1,0,0,0,1,2.73325,30.8295,-0.225348,0.00907997,0.303421,0.629378,0.613087,-0.0710436,-0.00945505,-0.0710436,0.318549,-0.0163681,-0.00945505,-0.0163681,0.0102427,0.0224385,-0.221404,0.974924,0.0579397,-0.973242,-0.222356,0.998068,0.0614762,-0.00901001,2.66274,30.7858,-0.253365,0.00637194,0.194253,0.743646,0.722325,-0.10569,-0.0122281,-0.10569,0.215229,-0.0033243,-0.0122281,-0.0033243,0.00671694,0.0209857,-0.195491,0.980481,0.0265272,-0.980243,-0.196012,0.999428,0.0301229,-0.0153853,2.65041,30.6898,-0.216348,0.0107353,0.132387,0.636734,0.636568,-0.00278777,-0.0097146,-0.00278777,0.132399,-0.000588673,-0.0097146,-0.000588673,0.0108894,-0.0155437,-0.00542742,0.999864,-0.00519406,-0.999971,-0.00550875,-0.999866,0.00527899,-0.0155151,0
P274.P3163.P294,2.74668,31.6364,2.94162,0.00327878,0.0211246,0.0312301,0.0212514,-0.00136028,-0.00085598,-0.00136028,0.00749929,0.0099148,-0.00085598,0.0099148,0.0268828,-0.0513936,-0.990022,-0.131204,-0.921412,-0.00366385,0.388569,0.385173,-0.140863,0.91203,0,0,0,0,0,0,1,0,0,0,1,0,0,0,1,1,0,0,0,1,0,0,0,1,0,0,0,0,0,0,1,0,0,0,1,0,0,0,1,1,0,0,0,1,0,0,0,1,0,0,0,0,0,0,1,0,0,0,1,0,0,0,1,1,0,0,0,1,0,0,0,1,0
P277.P3139.P207,0,0,0,0,0,0,1,0,0,0,1,0,0,0,1,1,0,0,0,1,0,0,0,1,2.77531,31.3935,2.0791,0.0145879,0.0985402,0.308361,0.0982221,0.00645887,0.00195483,0.00645887,0.037873,0.0786979,0.00195483,0.0786979,0.285394,0.0675032,-0.997565,-0.0175269,-0.958214,-0.0599261,-0.279706,0.277975,0.0356756,-0.959926,2.7004,31.3524,1.98611,0.0250637,0.135498,0.320419,0.13792,-0.00406921,0.0270104,-0.00406921,0.0445464,0.0708762,0.0270104,0.0708762,0.298514,0.09656,-0.985906,0.136621,0.961131,0.12803,0.244611,-0.258655,0.107691,0.959948,2.64274,31.3278,2.02182,0.0278018,0.120836,0.331839,0.120314,0.00648512,-0.00265401,0.00648512,0.0519175,0.0812621,-0.00265401,0.0812621,0.308245,-0.0751077,0.997169,0.00350459,0.957587,0.0731058,-0.278717,-0.278184,-0.0175778,-0.960367,0
P361.N230.N27,3.61211,-2.30821,-0.276602,0.00745214,0.0210734,0.236292,0.0152906,-0.00647853,-0.0093756,-0.00647853,0.0138584,-0.00735853,-0.0093756,-0.00735853,0.235669,-0.672059,-0.739337,0.0414321,-0.738709,0.673272,0.0318299,-0.0514282,-0.00921471,-0.998634,0,0,0,0,0,0,1,0,0,0,1,0,0,0,1,1,0,0,0,1,0,0,0,1,0,0,0,0,0,0,1,0,0,0,1,0,0,0,1,1,0,0,0,1,0,0,0,1,0,0,0,0,0,0,1,0,0,0,1,0,0,0,1,1,0,0,0,1,0,0,0,1,0
P378.P977.N127,0,0,0,0,0,0,1,0,0,0,1,0,0,0,1,1,0,0,0,1,0,0,0,1,3.78022,9.77319,-1.27976,4.54054e-05,0.0239473,0.0475611,0.0470578,0.00340886,0.000133497,0.00340886,0.0244499,9.75461e-05,0.000133497,9.75461e-05,4.6104e-05,0.00257584,-0.145941,0.98929,0.00363722,0.989288,0.145931,-0.99999,0.00322237,0.00307907,0,0,0,0,0,0,1,0,0,0,1,0,0,0,1,1,0,0,0,1,0,0,0,1,0,0,0,0,0,0,1,0,0,0,1,0,0,0,1,1,0,0,0,1,0,0,0,1,0
P414.N233.N24,0,0,0,0,0,0,1,0,0,0,1,0,0,0,1,1,0,0,0,1,0,0,0,1,4.14222,-2.33307,-0.245981,0.00736242,0.0204953,0.230535,0.0144613,-0.00639009,-0.00897798,-0.00639009,0.0138469,-0.00436089,-0.00897798,-0.00436089,0.230085,-0.697334,-0.715576,0.0409493,-0.715508,0.698349,0.0188971,-0.0421192,-0.016122,-0.998983,0,0,0,0,0,0,1,0,0,0,1,0,0,0,1,1,0,0,0,1,0,0,0,1,0,0,0,0,0,0,1,0,0,0,1,0,0,0,1,1,0,0,0,1,0,0,0,1,0
P488.N829.P224,0,0,0,0,0,0,1,0,0,0,1,0,0,0,1,1,0,0,0,1,0,0,0,1,0,0,0,0,0,0,1,0,0,0,1,0,0,0,1,1,0,0,0,1,0,0,0,1,4.88145,-8.29864,2.24773,0.00163434,0.00289092,1.7485,0.00296685,-9.94804e-05,-0.0125494,-9.94804e-05,0.00166126,-0.00469658,-0.0125494,-0.00469658,1.7484,-0.106622,-0.994274,0.00718903,-0.994294,0.106644,0.00268812,-0.00343939,-0.00686139,-0.999971,0,0,0,0,0,0,1,0,0,0,1,0,0,0,1,1,0,0,0,1,0,0,0,1,0
P488.N830.N45,0,0,0,0,0,0,1,0,0,0,1,0,0,0,1,1,0,0,0,1,0,0,0,1,0,0,0,0,0,0,1,0,0,0,1,0,0,0,1,1,0,0,0,1,0,0,0,1,4.88973,-8.3017,-0.455882,0.00178311,0.00293945,0.203636,0.00293261,-9.00711e-05,-0.000236281,-9.00711e-05,0.00179068,-0.000302787,-0.000236281,-0.000302787,0.203636,-0.0784412,-0.996918,0.00117659,-0.996917,0.0784429,0.00149956,-0.00158724,-0.00105533,-0.999998,0,0,0,0,0,0,1,0,0,0,1,0,0,0,1,1,0,0,0,1,0,0,0,1,0
P490.N827.P120,4.90121,-8.27099,1.20349,0.00192732,0.00473871,2.04841,0.00485793,-0.000138469,-0.0158061,-0.000138469,0.00194773,0.00596067,-0.0158061,0.00596067,2.04827,-0.032892,-0.999429,0.00773453,-0.999455,0.0328704,-0.00291309,0.00265719,-0.00782614,-0.999966,4.92983,-8.26042,0.966197,0.00163028,0.0048452,1.99213,0.004706,0.000758062,-0.011344,0.000758062,0.00184431,0.00448405,-0.011344,0.00448405,1.99205,0.251855,-0.967748,0.00570695,-0.967758,-0.251871,-0.00225076,0.00361558,-0.00495608,-0.999981,0,0,0,0,0,0,1,0,0,0,1,0,0,0,1,1,0,0,0,1,0,0,0,1,4.89552,-8.30579,1.18148,0.00253341,0.00472708,2.66196,0.00369613,0.00110068,-0.00367533,0.00110068,0.00357546,-0.00399864,-0.00367533,-0.00399864,2.66195,0.687228,-0.726441,0.00138323,-0.726442,-0.687226,0.00150473,-0.00014251,-0.00203893,-0.999998,0
P500.P923.N42,5.00889,9.23118,-0.429308,0.000909554,0.00321635,0.187471,0.00320146,-0.000188009,0.000370321,-0.000188009,0.000927325,0.000631461,0.000370321,0.000631461,0.187468,0.0823243,-0.996604,0.0020062,0.996599,0.0823307,0.00338301,-0.00353669,0.00172088,0.999992,0,0,0,0,0,0,1,0,0,0,1,0,0,0,1,1,0,0,0,1,0,0,0,1,0,0,0,0,0,0,1,0,0,0,1,0,0,0,1,1,0,0,0,1,0,0,0,1,0,0,0,0,0,0,1,0,0,0,1,0,0,0,1,1,0,0,0,1,0,0,0,1,0
P500.P924.P200,5.00665,9.24425,2.00529,0.0017454,0.00365262,1.48807,0.00373248,1.19148e-05,-0.0110754,1.19148e-05,0.0017929,0.00815296,-0.0110754,0.00815296,1.48794,0.0381289,-0.999245,0.00746116,-0.999256,-0.0381703,-0.00548521,0.00576586,-0.00724647,-0.999957,0,0,0,0,0,0,1,0,0,0,1,0,0,0,1,1,0,0,0,1,0,0,0,1,0,0,0,0,0,0,1,0,0,0,1,0,0,0,1,1,0,0,0,1,0,0,0,1,0,0,0,0,0,0,1,0,0,0,1,0,0,0,1,1,0,0,0,1,0,0,0,1,0
P502.P924.P117,0,0,0,0,0,0,1,0,0,0,1,0,0,0,1,1,0,0,0,1,0,0,0,1,5.02939,9.24055,1.1769,0.00303222,0.00422912,2.07978,0.00439152,0.000156527,-0.0235037,0.000156527,0.00325809,0.015924,-0.0235037,0.015924,2.07939,0.294386,-0.955619,0.0113233,-0.955627,-0.294479,-0.00766701,0.0106612,-0.00856382,-0.999906,4.98152,9.21153,0.946041,0.00222228,0.00422198,2.0594,0.00422013,-0.00031621,-0.00818368,-0.00031621,0.00235305,0.0140759,-0.00818368,0.0140759,2.05927,-0.131255,-0.991341,0.00398291,-0.991329,0.131226,-0.0068432,0.00626128,-0.00484658,-0.999969,4.9769,9.21561,1.01458,0.00210718,0.00551143,1.78052,0.00380824,0.00167941,-0.00910463,0.00167941,0.00386743,0.00430798,-0.00910463,0.00430798,1.78047,-0.716932,-0.697125,0.00512205,0.697123,-0.716948,-0.00241989,-0.0053592,-0.0018358,-0.999984,0
P728.P656.N38,0,0,0,0,0,0,1,0,0,0,1,0,0,0,1,1,0,0,0,1,0,0,0,1,0,0,0,0,0,0,1,0,0,0,1,0,0,0,1,1,0,0,0,1,0,0,0,1,0,0,0,0,0,0,1,0,0,0,1,0,0,0,1,1,0,0,0,1,0,0,0,1,7.28557,6.56247,-0.387232,0.13623,0.504611,1.49216,0.521545,0.12759,0.0174642,0.12759,1.46517,0.114932,0.0174642,0.114932,0.14628,0.0171707,-0.991185,0.13137,0.084513,0.132358,0.987593,-0.996274,-0.00585523,0.0860407,0
P736.P606.N47,7.36669,6.06904,-0.476142,0.11991,0.504239,1.14326,0.520046,0.100659,0.00279468,0.100659,1.10944,0.132421,0.00279468,0.132421,0.137923,-0.0271189,-0.986959,0.158674,0.1353,0.153648,0.978819,-0.990433,0.0480131,0.129369,0,0,0,0,0,0,1,0,0,0,1,0,0,0,1,1,0,0,0,1,0,0,0,1,0,0,0,0,0,0,1,0,0,0,1,0,0,0,1,1,0,0,0,1,0,0,0,1,0,0,0,0,0,0,1,0,0,0,1,0,0,0,1,1,0,0,0,1,0,0,0,1,0
P775.P973.N127,0,0,0,0,0,0,1,0,0,0,1,0,0,0,1,1,0,0,0,1,0,0,0,1,7.75592,9.73744,-1.27481,5.64754e-05,0.0109483,0.0315435,0.0297554,0.00579847,-0.000152464,0.00579847,0.0127349,6.39309e-05,-0.000152464,6.39309e-05,5.80185e-05,-0.00671767,-0.294541,0.955615,0.00811454,0.955589,0.29459,-0.999945,0.00973334,-0.00402927,0,0,0,0,0,0,1,0,0,0,1,0,0,0,1,1,0,0,0,1,0,0,0,1,0,0,0,0,0,0,1,0,0,0,1,0,0,0,1,1,0,0,0,1,0,0,0,1,0
P823.P607.P7,0,0,0,0,0,0,1,0,0,0,1,0,0,0,1,1,0,0,0,1,0,0,0,1,8.23293,6.07775,0.0739353,0.120115,0.491838,1.22596,0.62356,0.281773,0.0180057,0.281773,1.08238,0.105029,0.0180057,0.105029,0.131965,-0.0300648,-0.905102,0.42413,0.117149,0.418207,0.900766,-0.992659,0.0767679,0.0934588,0,0,0,0,0,0,1,0,0,0,1,0,0,0,1,1,0,0,0,1,0,0,0,1,0,0,0,0,0,0,1,0,0,0,1,0,0,0,1,1,0,0,0,1,0,0,0,1,0
P826.N722.N28,0,0,0,0,0,0,1,0,0,0,1,0,0,0,1,1,0,0,0,1,0,0,0,1,0,0,0,0,0,0,1,0,0,0,1,0,0,0,1,1,0,0,0,1,0,0,0,1,0,0,0,0,0,0,1,0,0,0,1,0,0,0,1,1,0,0,0,1,0,0,0,1,8.26094,-7.225,-0.289286,0.0128694,0.0259326,0.231319,0.0257378,0.00262524,0.00813223,0.00262524,0.0134054,0.00195638,0.00813223,0.00195638,0.230978,-0.19906,-0.979185,0.039645,0.979986,-0.19884,0.00944792,-0.00136824,0.0407323,0.999169,0
P882.N515.N55,8.82945,-5.15578,-0.550016,0.0980199,0.382607,0.775383,0.428748,0.125955,-0.0114068,0.125955,0.724624,-0.0537858,-0.0114068,-0.0537858,0.102638,-0.00194167,-0.939425,0.342749,-0.0851349,0.34166,0.93596,-0.996368,-0.0273626,-0.0806412,0,0,0,0,0,0,1,0,0,0,1,0,0,0,1,1,0,0,0,1,0,0,0,1,0,0,0,0,0,0,1,0,0,0,1,0,0,0,1,1,0,0,0,1,0,0,0,1,0,0,0,0,0,0,1,0,0,0,1,0,0,0,1,1,0,0,0,1,0,0,0,1,0
